filename,width,height,class,xmin,ymin,xmax,ymax
230_jpg.rf.8c56f4fe959c4ba6f70d4275514ca575.jpg,800,800,Katakam,243,237,594,579
398_jpg.rf.e058af860ced661269a392b96845da0c.jpg,800,800,Mushti,218,287,678,512
231_jpg.rf.09807f82ff68428d9df734afffeb7ec0.jpg,800,800,Katakam,231,113,623,601
166_jpg.rf.fcb139dcd597e47550bbce154aa97c98.jpg,800,800,Mudraakhyam,63,213,642,670
416_jpg.rf.b621e96ded0fd1b3f7e2da68cb92801b.jpg,800,800,Kartharee Mukham,185,192,702,679
229_jpg.rf.75bdaf738d259854eaa8d15e0d66c848.jpg,800,800,Katakam,236,186,587,528
296_jpg.rf.7196ce4c4e26cea1d7f1b506584bbcd6.jpg,800,800,Katakam,185,116,737,654
277_jpg.rf.b2bac0894992abd8b14de7ea4a842361.jpg,800,800,Katakam,98,303,609,652
370_jpg.rf.c9e8729085c3e1c6ea0c1ba3dbca2e9b.jpg,800,800,Mushti,340,372,635,800
331_jpg.rf.b22e0c3bdc819df3c6f2425aa6c2238e.jpg,800,800,Mushti,190,214,546,667
484_jpg.rf.4e618b4f0016a36f788588c6baab5935.jpg,800,800,Kartharee Mukham,189,199,685,550
43_jpg.rf.49a7fdd231381c314cf325d3f1c5ff7f.jpg,800,800,Pathaaka,172,278,497,511
64_jpg.rf.3cd9a88b3bba2f0754a6c1b7f068517c.jpg,800,800,Pathaaka,223,230,600,663
183_jpg.rf.37a5115fae95d2ac1c5b9579978c88c5.jpg,800,800,Mudraakhyam,74,240,550,611
177_jpg.rf.e5dd5e0d3ac3387dd6fe2a9b0b5330e0.jpg,800,800,Mudraakhyam,278,304,642,637
27_jpg.rf.e03c6195fdc30a5065ac12f539f94619.jpg,800,800,Pathaaka,305,165,713,651
273_jpg.rf.1316d06d988b758e6876b2494e4de664.jpg,800,800,Katakam,219,148,589,783
261_jpg.rf.198734db240a45ca519668ae09598c76.jpg,800,800,Katakam,151,262,511,540
473_jpg.rf.7f03bebf4036a6b08cf4b57b79c714be.jpg,800,800,Kartharee Mukham,196,95,583,506
71_jpg.rf.c8041326270b088bb5f66bbb9480c682.jpg,800,800,Pathaaka,161,163,594,635
380_jpg.rf.be4906de950f64b027e26a77b073253d.jpg,800,800,Mushti,157,267,645,521
454_jpg.rf.d2bbc986f410395e3bebc2af960369fb.jpg,800,800,Kartharee Mukham,225,132,560,596
476_jpg.rf.65734aa2e29bc8b329237bd5d85e68ad.jpg,800,800,Kartharee Mukham,157,91,487,727
22_jpg.rf.633a19193d225a58da97ef53c9b90d71.jpg,800,800,Pathaaka,134,254,638,712
395_jpg.rf.dd9eb4008b167aa5526023dcb605e1f0.jpg,800,800,Mushti,142,368,644,634
30_jpg.rf.a353cdaba3ccfbb72bb55515ecda0b97.jpg,800,800,Pathaaka,165,108,651,592
348_jpg.rf.bdf63a78361ae34bc1f16395f68eb61b.jpg,800,800,Mushti,256,145,607,425
360_jpg.rf.d01bc01bcfee83a06495b4e60234caa0.jpg,800,800,Mushti,261,189,579,512
274_jpg.rf.63df4b8f5357fec4797a6511fd0a174f.jpg,800,800,Katakam,308,133,644,723
335_jpg.rf.67f58b2345e27843f5a76155bf70dc93.jpg,800,800,Mushti,138,241,454,618
28_jpg.rf.46426709010f9907f83eea573a44d32a.jpg,800,800,Pathaaka,219,154,563,606
364_jpg.rf.7dcad4ab8c6bb0b758bf115b5d9802f7.jpg,800,800,Mushti,182,249,547,552
174_jpg.rf.d339cd212fc13599109afd451d7f0fd5.jpg,800,800,Mudraakhyam,149,274,739,468
317_jpg.rf.174ed17c6d90ef3072c80df049c8e667.jpg,800,800,Mushti,306,238,646,612
203_jpg.rf.7bf57e3cb97f1f7ece82a59912433826.jpg,800,800,Katakam,137,81,769,565
352_jpg.rf.3b25da6314c1e577ddc25f6d4364b448.jpg,800,800,Mushti,167,212,441,507
464_jpg.rf.a360cc235bc9f722514c9d52af0465ac.jpg,800,800,Kartharee Mukham,207,225,652,597
191_jpg.rf.006879d05b1d5ed811fd4bba6388f796.jpg,800,800,Mudraakhyam,102,142,441,658
163_jpg.rf.91cbda876092c554bc41f1be15a0b6be.jpg,800,800,Mudraakhyam,235,256,603,741
21_jpg.rf.e2003cfdf8373dab96bb00a0aae58a2c.jpg,800,800,Pathaaka,198,168,621,590
196_jpg.rf.a3d2af4eb59b57b296bbf79d7cd34254.jpg,800,800,Mudraakhyam,141,308,621,676
131_jpg.rf.b484100d5a657b1c1e894197f20447fc.jpg,800,800,Mudraakhyam,239,234,574,556
124_jpg.rf.75a57ffa8a3b3bee4ea4911edd9e780d.jpg,800,800,Mudraakhyam,326,185,685,561
372_jpg.rf.31bc881f934986c30c7d919614dc4f5d.jpg,800,800,Mushti,392,118,747,499
397_jpg.rf.922d19f6d257623b47a45ae5f12a2e54.jpg,800,800,Mushti,90,209,620,451
401_jpg.rf.221b8c965671134647760a59d86217f2.jpg,800,800,Kartharee Mukham,330,191,639,592
104_jpg.rf.8dbc92c5f04eebd19f58d6afa73087fa.jpg,800,800,Mudraakhyam,195,138,569,683
265_jpg.rf.dc796f35dffd6062f9c5604840fa7005.jpg,800,800,Katakam,315,118,607,605
253_jpg.rf.34130a057b5f72726fd1a762616f2217.jpg,800,800,Katakam,295,284,726,594
64_jpg.rf.c34b9ccc85ef49775eb43cb78ec677f4.jpg,800,800,Pathaaka,223,230,576,657
94_jpg.rf.7d31b54f124f7c16d965dcc98af8a05b.jpg,800,800,Pathaaka,33,10,557,537
431_jpg.rf.8d573dadafeb8aa11da20e65a20a6151.jpg,800,800,Kartharee Mukham,330,272,562,526
21_jpg.rf.be56f8521ad9fc8ed3b3a9c65290bea2.jpg,800,800,Pathaaka,186,154,575,639
360_jpg.rf.77edf6475c9cd3e08366dbdb6f554f4e.jpg,800,800,Mushti,169,253,500,527
86_jpg.rf.236b1d87c190b2e3a1c5e0c7039e868c.jpg,800,800,Pathaaka,52,149,625,579
179_jpg.rf.96654010c0f05b8947313878eee88a13.jpg,800,800,Mudraakhyam,221,230,725,579
90_jpg.rf.2237bfe762d12205c9056081e55fe6e1.jpg,800,800,Pathaaka,170,39,518,667
366_jpg.rf.152551b64f121c3610f09fe5426cfc82.jpg,800,800,Mushti,156,266,534,548
118_jpg.rf.2dd4f67dcc285fcedbf0cefb735be1ca.jpg,800,800,Mudraakhyam,340,192,663,554
329_jpg.rf.c48b98787c3c8d27f49cc9167602a16c.jpg,800,800,Mushti,99,192,609,613
380_jpg.rf.6f8240a8d0ba7b9cccdfa5b6eb2856b4.jpg,800,800,Mushti,147,282,635,536
90_jpg.rf.61a76c24e559ada643ee04eea263ba7b.jpg,800,800,Pathaaka,86,175,660,528
126_jpg.rf.226fcc6f618767c70f772475aeadaf60.jpg,800,800,Mudraakhyam,239,284,569,687
124_jpg.rf.daa3f84cfa3489230aacc677286b09be.jpg,800,800,Mudraakhyam,227,308,632,688
179_jpg.rf.6dc161e15db66338bb0d2a6c90ba25f9.jpg,800,800,Mudraakhyam,213,121,579,565
202_jpg.rf.87b10469c361637241c54d744ad0032a.jpg,800,800,Katakam,115,70,729,571
268_jpg.rf.e642fe2c92b1068d78cc4aa97b565b1a.jpg,800,800,Katakam,155,132,515,668
429_jpg.rf.81dff409169f94c38fa2487cb78319b5.jpg,800,800,Kartharee Mukham,381,190,623,609
3_jpg.rf.73bdddd62c04757b10fc084e415dd139.jpg,800,800,Pathaaka,74,227,625,710
9_jpg.rf.7c0629797336936cf5d00cde77976a32.jpg,800,800,Pathaaka,142,136,647,640
264_jpg.rf.d714de2d640da3a0983909fe30bcbc38.jpg,800,800,Katakam,185,229,668,572
57_jpg.rf.7455f7bfe95dbfc8efa6c6226df104cc.jpg,800,800,Pathaaka,207,299,748,650
278_jpg.rf.9f172e89c9cb1eed5e92c784846ab8bc.jpg,800,800,Katakam,198,100,692,547
325_jpg.rf.5bb03bf3e2c7f383478af8619539de6b.jpg,800,800,Mushti,78,153,506,552
286_jpg.rf.96ff5d37547900ded7d9c5556f5934d0.jpg,800,800,Katakam,275,212,630,595
117_jpg.rf.a4563589d8ae8df4baf48910005a1dda.jpg,800,800,Mudraakhyam,172,252,640,569
28_jpg.rf.5bde1e749240ce7d1e7fa033bb0c9313.jpg,800,800,Pathaaka,215,187,590,640
9_jpg.rf.5afb72e29c8ebedb1fc1102dd1437263.jpg,800,800,Pathaaka,164,161,669,665
459_jpg.rf.e5de16b2410687ddc71d589c2e7936f0.jpg,800,800,Kartharee Mukham,214,189,517,448
116_jpg.rf.66ab16a7c628825bc2381ea56f4fa5be.jpg,800,800,Mudraakhyam,181,198,610,574
269_jpg.rf.01544256db8260df695e1f9e71f1ed1a.jpg,800,800,Katakam,290,83,628,688
154_jpg.rf.9347936d3d2d6e7148932d2254f83224.jpg,800,800,Mudraakhyam,212,214,686,638
500_jpg.rf.2d3650e2aeb7f53c2776a784532d5660.jpg,800,800,Kartharee Mukham,174,94,557,693
374_jpg.rf.39aca919c4027dd07887da157e5cd6d1.jpg,800,800,Mushti,103,181,429,522
259_jpg.rf.bb72657cc6532245c278f3b8ae599a61.jpg,800,800,Katakam,304,138,694,708
229_jpg.rf.9dc8dd9c13f016f3a3c3516905c14e28.jpg,800,800,Katakam,257,224,608,566
322_jpg.rf.d4dfcb52f6bd930c4c7e45bd5e92d688.jpg,800,800,Mushti,294,160,691,558
463_jpg.rf.d6ec9eff9bd8262a6af049442b67cb1c.jpg,800,800,Kartharee Mukham,224,259,713,707
399_jpg.rf.13aaa3935e8298470bc840394066b361.jpg,800,800,Mushti,74,291,582,538
135_jpg.rf.ea6323f35aa7be0748f7ee618a6cb9fa.jpg,800,800,Mudraakhyam,180,194,608,627
158_jpg.rf.a4059d1c0c39e47eaf69a0890ae1db85.jpg,800,800,Mudraakhyam,117,282,696,473
267_jpg.rf.4b40276f99a2353462dda5b9be5f044c.jpg,800,800,Katakam,19,224,629,521
47_jpg.rf.cb8290fa8a3e61af330d130806d16218.jpg,800,800,Pathaaka,210,222,507,498
90_jpg.rf.725be8e1d9898c04a3163cfee79b4eef.jpg,800,800,Pathaaka,146,174,721,527
262_jpg.rf.cf89209e8114b1223c6036605131fd05.jpg,800,800,Katakam,104,229,675,564
372_jpg.rf.c34981950c4eb5e128fe97c55f785929.jpg,800,800,Mushti,403,301,758,683
63_jpg.rf.f3649de065b2561235ebe8cf3ac49729.jpg,800,800,Pathaaka,63,132,629,591
414_jpg.rf.d2a81605ea832c6f0ac4cef09796dc56.jpg,800,800,Kartharee Mukham,98,275,610,758
43_jpg.rf.87c526df100fa7c245e1232ac3ea5d4d.jpg,800,800,Pathaaka,299,293,625,526
335_jpg.rf.d6bc0a0afd467324ab937337f756b2df.jpg,800,800,Mushti,318,270,668,602
177_jpg.rf.1296d78c1b7ceb5c063a48e52d917963.jpg,800,800,Mudraakhyam,143,302,507,635
7_jpg.rf.fca40cfcd95da686214f703475b17d15.jpg,800,800,Pathaaka,164,196,590,617
153_jpg.rf.ff9620ada1ca78b4a41f1278f151c24e.jpg,800,800,Mudraakhyam,203,252,713,661
346_jpg.rf.e3c44078948704a6a2df566beea34079.jpg,800,800,Mushti,218,183,652,623
305_jpg.rf.8175ecfe5c429f9717c3ada41a39f829.jpg,800,800,Mushti,42,126,463,622
122_jpg.rf.23c7a5cbbb26ec6006cbf4c1309de330.jpg,800,800,Mudraakhyam,228,270,590,608
483_jpg.rf.3dd6af26ba3d5cdc4591f954d0b4f1bc.jpg,800,800,Kartharee Mukham,313,159,645,739
456_jpg.rf.4e1d23f50895614db0817acdf087b8a7.jpg,800,800,Kartharee Mukham,247,125,639,453
80_jpg.rf.09ea7e7046e71f99a08f57b812d21dcb.jpg,800,800,Pathaaka,238,80,583,784
278_jpg.rf.507200af6ed9c281550df1592c3aa0b8.jpg,800,800,Katakam,190,81,699,573
172_jpg.rf.6844854f2c27701b4f8e1efa451be63f.jpg,800,800,Mudraakhyam,244,95,629,596
304_jpg.rf.1ba038edae3f6b51d6448589f281bc77.jpg,800,800,Mushti,121,270,593,729
54_jpg.rf.ea461dd560a4971a41343ac4647e572a.jpg,800,800,Pathaaka,267,259,568,550
170_jpg.rf.96914f09cf8ac89245d8ea9f51c830ea.jpg,800,800,Mudraakhyam,190,136,736,581
198_jpg.rf.56334ba834a149c522dc6a47467fc410.jpg,800,800,Mudraakhyam,197,137,492,511
52_jpg.rf.997f83865f932b36a28443ea40510885.jpg,800,800,Pathaaka,195,306,585,635
490_jpg.rf.aa50bd66eb00b890e1cd616778254c05.jpg,800,800,Kartharee Mukham,194,150,515,710
356_jpg.rf.7e8b5457d37f2a2dd7151c8097bba3ba.jpg,800,800,Mushti,336,158,595,496
213_jpg.rf.1434898417cbdaa4d84da79f63ec2d9d.jpg,800,800,Katakam,262,219,548,504
219_jpg.rf.eecef75036bd66d9b41dbfdd481374a4.jpg,800,800,Katakam,173,193,509,535
255_jpg.rf.db83987c102d7a12e71bb83df94f6c65.jpg,800,800,Katakam,148,228,707,558
328_jpg.rf.b1f34a52f14746d4e6f7b90427fa98eb.jpg,800,800,Mushti,309,280,667,581
197_jpg.rf.ed4ce7a9b0c01ada03241430babce796.jpg,800,800,Mudraakhyam,233,150,546,605
170_jpg.rf.91e689c5ed9a84693c352871d186db16.jpg,800,800,Mudraakhyam,180,231,726,676
388_jpg.rf.fa91db03877009735ea056c8ae796602.jpg,800,800,Mushti,160,213,656,482
394_jpg.rf.f8aa9602df45903db77cb6aa88e1e898.jpg,800,800,Mushti,264,191,515,632
279_jpg.rf.f5acedb74839b49d4674542fb3652af3.jpg,800,800,Katakam,163,123,686,515
178_jpg.rf.839442de1c7f73b1aa9d17679f933384.jpg,800,800,Mudraakhyam,181,171,526,607
392_jpg.rf.1c1dfdd0c2f815b97fd5d81b27bac808.jpg,800,800,Mushti,177,351,752,614
171_jpg.rf.791ffa0f2d8defdd56cf9b19a7c05c76.jpg,800,800,Mudraakhyam,158,119,588,687
50_jpg.rf.fd1b87653abca3c4554182277b81ece9.jpg,800,800,Pathaaka,201,240,596,574
65_jpg.rf.786383e76d3556f63f46244a3ffb2e4f.jpg,800,800,Pathaaka,153,92,595,630
285_jpg.rf.5f3c92f06b3c2cd89abf7d35d9f46905.jpg,800,800,Katakam,228,165,691,724
395_jpg.rf.7f9fde721364d2851558587a78618881.jpg,800,800,Mushti,166,124,430,634
67_jpg.rf.25ccb415f22a1dae3e2e8995f4924d89.jpg,800,800,Pathaaka,233,48,547,668
478_jpg.rf.b17d338683e4e824d065118fcbb03d7f.jpg,800,800,Kartharee Mukham,184,309,725,560
487_jpg.rf.2163e326dd7ad511d2ebde20c477069d.jpg,800,800,Kartharee Mukham,21,182,617,566
71_jpg.rf.9b33bf25770b88022da8bf6d8fccded5.jpg,800,800,Pathaaka,158,168,591,640
198_jpg.rf.062747ecbb5c62849c75e053233cd245.jpg,800,800,Mudraakhyam,259,305,689,589
289_jpg.rf.b21771b0ad65bc8b90eef88159174185.jpg,800,800,Katakam,312,59,688,666
467_jpg.rf.fd3ce975a0f1d552b71282b7e98e4fa5.jpg,800,800,Kartharee Mukham,162,188,561,575
29_jpg.rf.adbd06270c502cfd27e414f7e945c91e.jpg,800,800,Pathaaka,230,183,662,644
59_jpg.rf.f10fff4aa3a313c317206075dceff98f.jpg,800,800,Pathaaka,205,205,522,557
492_jpg.rf.1dc3edc423d262f53e4e0ee83dfa5079.jpg,800,800,Kartharee Mukham,161,124,427,758
7_jpg.rf.0c2888d0b67526a6d8c9aa72051f10b8.jpg,800,800,Pathaaka,147,155,594,573
216_jpg.rf.acdec2170ef3c0dd1c83ac6c97956f1d.jpg,800,800,Katakam,208,219,635,635
367_jpg.rf.cb7d27c929ee4f4c60eb186116964954.jpg,800,800,Mushti,310,385,548,593
105_jpg.rf.81ca5a8b5bdb71d70dddcd3325ebba9a.jpg,800,800,Mudraakhyam,241,134,604,573
427_jpg.rf.104501ec4fdb96ab75f31eba5f325e2d.jpg,800,800,Kartharee Mukham,204,178,496,677
432_jpg.rf.261b9b15cf0c66242562a93bf1f8fdbf.jpg,800,800,Kartharee Mukham,278,234,516,492
145_jpg.rf.346c8e159af662d90a0d5ea72ed96f4d.jpg,800,800,Mudraakhyam,178,292,673,578
69_jpg.rf.6984518fa472b80671b2b26acfbe6eaf.jpg,800,800,Pathaaka,243,52,622,649
297_jpg.rf.1cad83284cf9a5dc9821b6bea45b38f8.jpg,800,800,Katakam,170,90,702,586
62_jpg.rf.d6a1d95ce6accabf0ff073fa5a0fd89e.jpg,800,800,Pathaaka,274,107,592,704
257_jpg.rf.dfb32a2488d41f901d29be1066729391.jpg,800,800,Katakam,196,151,564,622
280_jpg.rf.5a1bb7bc01e62f8c03d48531301253f0.jpg,800,800,Katakam,160,265,683,658
92_jpg.rf.2aa901105b06e4f709b334af39cab70e.jpg,800,800,Pathaaka,189,203,740,559
56_jpg.rf.f59ff3bebb62b896ffc04e6e047c77ef.jpg,800,800,Pathaaka,161,176,644,800
295_jpg.rf.d58a5713149109b59cd5236578f9f207.jpg,800,800,Katakam,250,191,574,800
3_jpg.rf.1c7629ed72568d04e8c765523cd70f14.jpg,800,800,Pathaaka,91,161,595,723
82_jpg.rf.12a1a7a11444299c84a61d386800b031.jpg,800,800,Pathaaka,166,34,576,754
334_jpg.rf.416ae983afb117ee0170a0a736a2f827.jpg,800,800,Mushti,240,384,462,599
457_jpg.rf.b9556001c05888610f8c0b6ddb38d06e.jpg,800,800,Kartharee Mukham,357,192,684,597
24_jpg.rf.25ac61bbaac6a7647f26215536b13344.jpg,800,800,Pathaaka,157,62,652,406
189_jpg.rf.74d1317455ea033557b820fd7ea47bed.jpg,800,800,Mudraakhyam,141,189,553,730
198_jpg.rf.d349eb899e062d8a166b37863b022a7e.jpg,800,800,Mudraakhyam,316,166,584,515
274_jpg.rf.5af2ab2e2a419fb844ca463edfc8256b.jpg,800,800,Katakam,118,148,730,533
41_jpg.rf.930b5b83efcae96ec4b75cc7ea1454f7.jpg,800,800,Pathaaka,150,237,656,453
469_jpg.rf.814ef7603bdc8886fe75167db6808f8d.jpg,800,800,Kartharee Mukham,202,181,585,592
292_jpg.rf.749453c89bac3eed6001a995de0b4ec7.jpg,800,800,Katakam,94,116,690,684
289_jpg.rf.9f7ac4cada4fc8eaea6a40621b2a3d49.jpg,800,800,Katakam,124,313,748,692
98_jpg.rf.f5fe945fe452519ff6bf5e36a4f2492b.jpg,800,800,Pathaaka,199,58,532,468
468_jpg.rf.ca0165a7f1d4cdad907bca45e3b66db6.jpg,800,800,Kartharee Mukham,215,263,608,556
299_jpg.rf.2ac0b45fc4ed853cc31878753e3f1724.jpg,800,800,Katakam,231,311,586,755
215_jpg.rf.02075fa026cc79d76d98ee0b36c25266.jpg,800,800,Katakam,223,328,537,656
434_jpg.rf.5ddf66036221696a197d7d03384c9c07.jpg,800,800,Kartharee Mukham,196,183,552,598
78_jpg.rf.3c4a403de3ecf2c834cded7628bdf33f.jpg,800,800,Pathaaka,42,213,652,595
181_jpg.rf.f49dec7c3f28a87a7bd87b75bbe03c20.jpg,800,800,Mudraakhyam,42,133,534,520
188_jpg.rf.69578550487f74da2a0cf42fa105ed75.jpg,800,800,Mudraakhyam,162,21,449,694
164_jpg.rf.73f13d045d3ec6a5d24b453d609563ad.jpg,800,800,Mudraakhyam,236,252,628,562
41_jpg.rf.2c966eef4398a35ea5a2ab18d0419533.jpg,800,800,Pathaaka,156,240,662,456
147_jpg.rf.400836aa40653e4754cf576edd368772.jpg,800,800,Mudraakhyam,109,300,742,495
191_jpg.rf.fe6db7adb64225a45fc494ff9c202e43.jpg,800,800,Mudraakhyam,364,154,704,670
492_jpg.rf.858686bf63bf1b1777fe0758875db278.jpg,800,800,Kartharee Mukham,370,132,637,766
70_jpg.rf.a5e2042a11ff1a4f3551b4c9d844e0fe.jpg,800,800,Pathaaka,281,203,671,684
333_jpg.rf.6ebd1d5fd835bc427d3e2770f1da91a3.jpg,800,800,Mushti,351,365,559,530
428_jpg.rf.3b012fd2c71c5ced48b78b95d653dcbf.jpg,800,800,Kartharee Mukham,288,263,628,592
180_jpg.rf.a601bbded454eeacca26e91f80698874.jpg,800,800,Mudraakhyam,222,216,592,553
295_jpg.rf.6c38915c7f7812a33f9530f251959192.jpg,800,800,Katakam,248,186,572,795
377_jpg.rf.a1ec342980ba2242f0e7dc8d77ff83e8.jpg,800,800,Mushti,152,229,445,737
465_jpg.rf.15fb5d0bbf69ad6aa9764eff52d5009d.jpg,800,800,Kartharee Mukham,203,249,506,564
364_jpg.rf.2e5276d61e7b677fee1b28f0afc01bd1.jpg,800,800,Mushti,239,258,604,561
261_jpg.rf.ff4d35041bddef575cd82a67a5e406e3.jpg,800,800,Katakam,260,267,692,551
403_jpg.rf.3be770dddafe5e6fdf1227c8e4fedc5f.jpg,800,800,Kartharee Mukham,214,243,657,617
67_jpg.rf.4b1cfb007095806ad4f21dd8685ae98c.jpg,800,800,Pathaaka,125,229,762,534
182_jpg.rf.b61f6aa7eefd2d4a52ab9296001206cb.jpg,800,800,Mudraakhyam,246,99,573,670
26_jpg.rf.688a948c2d66af3a66b4f715f78376d1.jpg,800,800,Pathaaka,159,137,641,617
164_jpg.rf.33696207a5e830b9db80efc27e1dc9ec.jpg,800,800,Mudraakhyam,237,168,538,567
396_jpg.rf.53b3bee21b9ebbb3f51a2c80c4619cc0.jpg,800,800,Mushti,106,380,651,657
83_jpg.rf.ba127439a4c15e5cc352fe3fb00f3d21.jpg,800,800,Pathaaka,107,59,603,725
336_jpg.rf.de44a475b202e34b7ac755c0c842de80.jpg,800,800,Mushti,400,231,592,423
397_jpg.rf.4e0cb0ac0b3d69b2714836affb9c2b08.jpg,800,800,Mushti,351,88,619,632
159_jpg.rf.84adfb9a35758305c3009c71c7d676fe.jpg,800,800,Mudraakhyam,87,259,738,466
261_jpg.rf.f46820edc5cd32f3f2f2b7997fe9bc41.jpg,800,800,Katakam,261,147,535,536
25_jpg.rf.81c53a88dc36b6cb2c1b0f24d7bd14d8.jpg,800,800,Pathaaka,130,1,671,534
453_jpg.rf.e809ab2a7afaec211e2790322e410f4c.jpg,800,800,Kartharee Mukham,308,223,637,524
485_jpg.rf.bd5a0ed30ee4224f33d256aeb23a24d1.jpg,800,800,Kartharee Mukham,118,85,534,751
218_jpg.rf.9196843293f014c1625a0b43a0254adc.jpg,800,800,Katakam,180,213,562,588
284_jpg.rf.79323bf0c5d78f9f11cb17dee5bdf4e7.jpg,800,800,Katakam,226,89,587,586
50_jpg.rf.04ba78569532c4013771e69586f4bc0a.jpg,800,800,Pathaaka,224,164,560,606
115_jpg.rf.504f8126822d6dcfa3c4903f36826a3d.jpg,800,800,Mudraakhyam,167,192,573,558
320_jpg.rf.6b99643b47eeebda6527b6f09aa1c054.jpg,800,800,Mushti,201,92,581,568
330_jpg.rf.8cdf0b0b6e1eea4df62d335d82e1f55a.jpg,800,800,Mushti,101,248,487,666
220_jpg.rf.15eda00fe599b07ba5ee32afa1afb7ae.jpg,800,800,Katakam,251,209,588,551
423_jpg.rf.5f193fcdf79307d5405534547463bb32.jpg,800,800,Kartharee Mukham,223,157,618,752
158_jpg.rf.ff55268e2e01ba87ba6cf3378aed7b82.jpg,800,800,Mudraakhyam,104,332,683,523
26_jpg.rf.d20d62b1d62a3618cec1dcbe549c0473.jpg,800,800,Pathaaka,157,148,632,614
316_jpg.rf.f549d1e9457834edbaabfcdc577db969.jpg,800,800,Mushti,201,266,600,732
197_jpg.rf.b027054c982a391ef22f87abdb70a7fc.jpg,800,800,Mudraakhyam,195,240,657,538
365_jpg.rf.e9e9d933c8613eada196f5fa39523af9.jpg,800,800,Mushti,63,237,453,553
368_jpg.rf.455b71e99982e75f7f8250bf1b0be503.jpg,800,800,Mushti,123,245,530,645
448_jpg.rf.7b45f76eefec8637284d1fd1d6a87e1f.jpg,800,800,Kartharee Mukham,148,118,628,713
305_jpg.rf.1cca6f20b9b68bbf5daeaefa5bec7f66.jpg,800,800,Mushti,132,54,612,512
47_jpg.rf.d69d48296eae9f78d0c11c56a50cacef.jpg,800,800,Pathaaka,284,298,581,574
459_jpg.rf.e42b85d2cf64a5536fcb9cd04d55a4f9.jpg,800,800,Kartharee Mukham,280,188,583,447
162_jpg.rf.c4a6e76332152c0dd3995e8cbb791b88.jpg,800,800,Mudraakhyam,200,228,690,590
226_jpg.rf.b82d509f987347e4a510b484282a0b44.jpg,800,800,Katakam,171,141,619,704
125_jpg.rf.2df6c5170ca2bee57870c7eb243b4956.jpg,800,800,Mudraakhyam,199,206,650,575
446_jpg.rf.072d093337a4c85d486e12ad59b62921.jpg,800,800,Kartharee Mukham,120,31,763,547
134_jpg.rf.310ee8bddac32e9ffd64c79cd9d4ff14.jpg,800,800,Mudraakhyam,293,251,615,580
217_jpg.rf.ab6b1d0d433a312f39f5e7aabf85f281.jpg,800,800,Katakam,164,297,491,581
49_jpg.rf.c0753ed683e55c655477f8892622c73d.jpg,800,800,Pathaaka,202,282,642,579
91_jpg.rf.86a8f87a5e1f757cc31848409ce9d743.jpg,800,800,Pathaaka,339,79,678,607
291_jpg.rf.1046891d682cad3b3d1de16f7d4f5be5.jpg,800,800,Katakam,169,126,680,627
300_jpg.rf.ff7d2411bff71268d4c98a90d75ea84b.jpg,800,800,Katakam,114,102,698,665
421_jpg.rf.8a6543ed94ebcee028277226efe93793.jpg,800,800,Kartharee Mukham,295,156,618,642
6_jpg.rf.9d69e1c009868dffb0c7a1d014ceece8.jpg,800,800,Pathaaka,73,208,627,698
425_jpg.rf.f23c7d2bc8c419b618a3feb3aafea209.jpg,800,800,Kartharee Mukham,191,180,467,606
467_jpg.rf.d52b95f67000fb4881768f6f6e3f9b9e.jpg,800,800,Kartharee Mukham,161,248,560,635
424_jpg.rf.e891edd9e3c736d3addd8663bcdc983b.jpg,800,800,Kartharee Mukham,219,83,761,540
201_jpg.rf.a9ab6b8f70c355d66b7c6da463f50259.jpg,800,800,Katakam,67,102,613,764
67_jpg.rf.047a11b434ab90d66c53f9e6ef43749e.jpg,800,800,Pathaaka,265,60,579,680
100_jpg.rf.7d1cf4ac252829e72159602bd3bd6e2f.jpg,800,800,Pathaaka,149,137,634,534
483_jpg.rf.c3929d17d8770fd35cfad97ee131516b.jpg,800,800,Kartharee Mukham,158,74,491,638
324_jpg.rf.d0656c3848e42000c035f566edd67795.jpg,800,800,Mushti,208,353,513,681
471_jpg.rf.714e76c203f3e4f8cbafbda3bd929add.jpg,800,800,Kartharee Mukham,183,189,513,522
155_jpg.rf.d10664d9e03765fe33f58b4f24379dc1.jpg,800,800,Mudraakhyam,211,278,681,644
213_jpg.rf.901ceb5004fcb51b3ac2b5fc51c8ce42.jpg,800,800,Katakam,223,251,509,536
177_jpg.rf.43df040274da2d25c1f5d80c459947ed.jpg,800,800,Mudraakhyam,316,148,636,528
214_jpg.rf.09ebe46efafd3280c9b2eb19c7b1574f.jpg,800,800,Katakam,241,214,555,542
85_jpg.rf.7891f7ca16e43db7b28e36f6da292b47.jpg,800,800,Pathaaka,165,179,566,627
475_jpg.rf.41af330b3ff7a6bf289e7c7771240924.jpg,800,800,Kartharee Mukham,274,230,624,553
417_jpg.rf.c6c9ff11961dd8b372eaec41ee43f436.jpg,800,800,Kartharee Mukham,98,55,589,661
182_jpg.rf.63b3072941db4feb8a6e3e6c51e0ba32.jpg,800,800,Mudraakhyam,97,255,681,552
381_jpg.rf.6c1fcab9055cbeda7cae5dcf65c7377f.jpg,800,800,Mushti,67,320,564,596
188_jpg.rf.a0de1e0109a8f8948b9fc03f6768321e.jpg,800,800,Mudraakhyam,15,349,663,634
51_jpg.rf.7ce58e4d2cb48d9bd287c75de151dc4d.jpg,800,800,Pathaaka,267,171,601,623
59_jpg.rf.632560b75bc860c3dfa27a9cb0f66590.jpg,800,800,Pathaaka,206,251,523,603
287_jpg.rf.8d5512fce1139210c8e1323d8e9872ae.jpg,800,800,Katakam,177,222,640,599
266_jpg.rf.c8e02a95c365fa242fdaaca5c2438252.jpg,800,800,Katakam,307,137,745,577
376_jpg.rf.49c234be7229359783fb3cfbe5ce2c47.jpg,800,800,Mushti,188,157,672,429
371_jpg.rf.6c3ff8717d8771480c0bd1d2bcc52a6b.jpg,800,800,Mushti,337,182,631,501
299_jpg.rf.c560cd08516364afb75033c602f3ec10.jpg,800,800,Katakam,226,53,602,501
104_jpg.rf.bb30e1b2ccfa4cd44d297bff0d0510c5.jpg,800,800,Mudraakhyam,245,141,619,686
291_jpg.rf.a71eacb5dfbfb8706f0975cd96c330e6.jpg,800,800,Katakam,122,184,625,623
498_jpg.rf.8892e59a404be341c34a8caec7c5486f.jpg,800,800,Kartharee Mukham,288,87,640,620
460_jpg.rf.145a544fbe9c94d956f1980d74b334b3.jpg,800,800,Kartharee Mukham,239,174,551,464
298_jpg.rf.931eb5c211e0198082584885521eb40d.jpg,800,800,Katakam,167,239,670,729
279_jpg.rf.b1aba3fb3aa504f4b2caef1449eccb1a.jpg,800,800,Katakam,115,123,639,511
212_jpg.rf.97c2060a7a5d0ca568db59dca9248039.jpg,800,800,Katakam,341,301,674,670
225_jpg.rf.eefa1c5d0fb89457053d835b00990403.jpg,800,800,Katakam,117,247,541,673
456_jpg.rf.436bc7742ed26acad13e85673daae5e5.jpg,800,800,Kartharee Mukham,269,162,683,556
256_jpg.rf.631eae2099111f9a4efc225bb9a9860a.jpg,800,800,Kartharee Mukham,318,283,663,705
251_jpg.rf.59655597561f020e504bb46c929adb86.jpg,800,800,Katakam,355,158,674,694
91_jpg.rf.bc4a5dbfdbc536d30803a8d909889004.jpg,800,800,Pathaaka,68,332,619,688
447_jpg.rf.9069615a761872e69dafcb527acac918.jpg,800,800,Kartharee Mukham,50,94,589,566
323_jpg.rf.536fa2a089adf033ff19aecab8f3df63.jpg,800,800,Mushti,152,266,594,695
65_jpg.rf.7457b96fba588248d63afe09aa61fe0a.jpg,800,800,Pathaaka,202,174,644,712
491_jpg.rf.3e4c28f80c407233b3f96b69a5974d17.jpg,800,800,Kartharee Mukham,145,157,479,657
365_jpg.rf.0054f229a5060ee0511c5176968dfbde.jpg,800,800,Mushti,381,233,738,554
82_jpg.rf.d780e11e16e13825531b730db51added.jpg,800,800,Pathaaka,35,211,751,631
466_jpg.rf.5e910e23f8109aedc5fa554679c7c739.jpg,800,800,Kartharee Mukham,313,221,537,595
144_jpg.rf.b60aae20a0ea9f5f65c5103e436de2ba.jpg,800,800,Mudraakhyam,250,233,601,613
60_jpg.rf.f89eb8394c56efc320ef55f1bb375549.jpg,800,800,Pathaaka,73,197,566,523
450_jpg.rf.65d538608bce6b3b7f539eec6850624c.jpg,800,800,Kartharee Mukham,202,100,531,612
153_jpg.rf.38fe17e88e620a4d5217df50731d5a32.jpg,800,800,Mudraakhyam,87,236,596,645
127_jpg.rf.6e7511911f8d7b395143a1194bfaae8e.jpg,800,800,Mudraakhyam,192,156,595,617
187_jpg.rf.efaa6406b4a3a1d699c9c116708f8d17.jpg,800,800,Mudraakhyam,89,178,615,594
135_jpg.rf.4d212dc75737223b18d513386463a303.jpg,800,800,Mudraakhyam,187,170,615,603
449_jpg.rf.a88c3045f1223f687776fda96f3fef4d.jpg,800,800,Kartharee Mukham,59,217,627,542
385_jpg.rf.4a14611853dde59a16fa0d5b0a0b5db6.jpg,800,800,Mushti,199,304,750,568
378_jpg.rf.3d3635a1b1f202c40522b71f9d49b02a.jpg,800,800,Mushti,250,119,492,618
298_jpg.rf.00927597954954308470e09993679f51.jpg,800,800,Katakam,60,189,563,679
123_jpg.rf.60e654ace7341cb6c64d1867451076d3.jpg,800,800,Mudraakhyam,311,191,624,529
363_jpg.rf.3d5b0043ae41c3b026e038c62411fb37.jpg,800,800,Mushti,248,215,668,677
373_jpg.rf.76fbc2d89149d16d32960f6411bb17d3.jpg,800,800,Mushti,164,103,488,420
242_jpg.rf.dbed15763cdeafee632ffea2639cd848.jpg,800,800,Katakam,66,285,627,554
429_jpg.rf.554cc22b5a2a27406afb31a05408adb3.jpg,800,800,Kartharee Mukham,175,189,417,608
369_jpg.rf.21d0a031b111e1e077ead19ab5225e38.jpg,800,800,Mushti,294,326,588,719
394_jpg.rf.041d39bbc423fca633107f7a185c4a34.jpg,800,800,Mushti,191,274,635,505
316_jpg.rf.020e7b39dc82dd7c172adb7dd0bd3eb9.jpg,800,800,Mushti,195,262,594,728
53_jpg.rf.c8dd3621b481c937f3141127489f1d4f.jpg,800,800,Pathaaka,70,90,733,445
184_jpg.rf.dedff868a9a2635d15cdd3873dbd0dcd.jpg,800,800,Mudraakhyam,309,277,608,697
281_jpg.rf.c7a1354ed7598f877cda6c17c8fb128d.jpg,800,800,Katakam,197,148,661,503
449_jpg.rf.743557a3bf446557a1be4856c8c2d940.jpg,800,800,Kartharee Mukham,194,68,563,649
351_jpg.rf.6fd261a2e7ce6753cfd77329c8222b88.jpg,800,800,Mushti,243,294,582,567
484_jpg.rf.8f2da556d83e476e58819c856f01a133.jpg,800,800,Kartharee Mukham,105,201,601,552
427_jpg.rf.c717ba0fe50575829237f7ae42ad29b5.jpg,800,800,Kartharee Mukham,168,305,658,584
180_jpg.rf.cd5dc43221f62dc39cf5f7d1a36f03b1.jpg,800,800,Mudraakhyam,257,221,594,583
378_jpg.rf.a6d538572f2bcd6c90c84a7c5c979d37.jpg,800,800,Mushti,190,314,686,551
275_jpg.rf.c85a29f1397da66666afc795764a69ac.jpg,800,800,Katakam,352,169,746,762
99_jpg.rf.f468c9906e74a17883b409e38a96e261.jpg,800,800,Pathaaka,221,145,531,602
246_jpg.rf.17b1df2be58ab388a586ca192bb4706f.jpg,800,800,Katakam,195,227,606,531
182_jpg.rf.176bd3490fb9753bf4eeab4f6313f94d.jpg,800,800,Mudraakhyam,107,240,707,548
402_jpg.rf.fbcbc502d7e493171bf542f73364b695.jpg,800,800,Kartharee Mukham,121,213,543,631
77_jpg.rf.ccac1f4a08f18b5fcdefb20fd78a9265.jpg,800,800,Pathaaka,41,208,650,609
233_jpg.rf.5d7597a90ff3be1ef75c251c8f04bbd9.jpg,800,800,Katakam,305,220,604,631
301_jpg.rf.8f3f6add626e9132136571d1572e2928.jpg,800,800,Mushti,160,238,522,642
30_jpg.rf.51ad76c9a20e82781cec5452b07219de.jpg,800,800,Pathaaka,152,109,629,581
428_jpg.rf.cf8f74789c5abe895a60610510f5d6f1.jpg,800,800,Kartharee Mukham,202,296,542,625
203_jpg.rf.5a1241dd81f55e7f4526320bde93860d.jpg,800,800,Katakam,87,68,559,730
485_jpg.rf.00ba60de7530ec8033cb926e4c636686.jpg,800,800,Kartharee Mukham,244,47,660,713
419_jpg.rf.88476392bfe278e3842b82896981de22.jpg,800,800,Kartharee Mukham,104,234,585,695
190_jpg.rf.ae4ca4fd3849f39dd8f8a10d14d31db3.jpg,800,800,Mudraakhyam,304,39,669,690
421_jpg.rf.d2cde8ec9c74ceb429958a2757bcaf2e.jpg,800,800,Kartharee Mukham,197,136,502,631
167_jpg.rf.c30039b2e3879133a5998154139bf3db.jpg,800,800,Mudraakhyam,45,140,475,579
258_jpg.rf.e9511e065f56175b1125db5e7ad725e8.jpg,800,800,Katakam,299,138,655,571
303_jpg.rf.0439599f5b48ba0fa6741e0bc38b587f.jpg,800,800,Mushti,183,299,493,627
497_jpg.rf.b6581a5cc05edb418e0af5be83c204fb.jpg,800,800,Kartharee Mukham,202,155,585,741
318_jpg.rf.853d4e67ede085d88930326dc8b9637a.jpg,800,800,Mushti,199,298,554,655
461_jpg.rf.2b7191c7054ac399f0a6304f31425218.jpg,800,800,Kartharee Mukham,341,241,691,529
212_jpg.rf.b18ced41084ad3388aef4d2d2547d3a7.jpg,800,800,Katakam,144,338,471,661
453_jpg.rf.1fc9be633f73941e6a02a9010b3cb99a.jpg,800,800,Kartharee Mukham,159,217,494,521
77_jpg.rf.0365334188560746597a3e44790a1360.jpg,800,800,Pathaaka,139,203,748,604
88_jpg.rf.a6491ff3f9809fcb016622ea8b352d20.jpg,800,800,Pathaaka,318,146,618,672
52_jpg.rf.e3b382beccd3190c51bf1fb760046736.jpg,800,800,Pathaaka,213,305,601,637
168_jpg.rf.bc95ecdf94ffcf7e36264420302c4b09.jpg,800,800,Mudraakhyam,179,37,590,573
478_jpg.rf.d483b3a213127ddcce640a03d59bb7e1.jpg,800,800,Kartharee Mukham,295,181,569,713
127_jpg.rf.66b143161620e60a0f769edd326a05a4.jpg,800,800,Mudraakhyam,187,189,590,650
303_jpg.rf.d817627734a9c1b27f8691c4a6132262.jpg,800,800,Mushti,310,187,621,515
194_jpg.rf.b6116fd8f0521b62c09d10e151ab675b.jpg,800,800,Mudraakhyam,170,407,679,800
388_jpg.rf.4d0cbfe866a46d31e5af48b13681663b.jpg,800,800,Mushti,300,104,594,656
117_jpg.rf.78cc61230ed5ddc2fe9a51f02feac4b7.jpg,800,800,Mudraakhyam,245,179,569,624
255_jpg.rf.f7cf0930d6fcb05570e6df88b8a4cc4a.jpg,800,800,Katakam,245,136,608,688
351_jpg.rf.1311255a6f2c7c76cf8522d85b91f3ca.jpg,800,800,Mushti,237,208,509,563
468_jpg.rf.91d809da126906ff7a98d3d113f9327c.jpg,800,800,Kartharee Mukham,215,244,610,524
227_jpg.rf.eb38fd09b6e820502cdeaa4d902498e9.jpg,800,800,Katakam,66,282,605,692
178_jpg.rf.b719d2d474c1f17f15ab07fd4f903065.jpg,800,800,Mudraakhyam,175,269,622,625
174_jpg.rf.6abb47fc7e0bbf2a04db891e651a8b4a.jpg,800,800,Mudraakhyam,131,335,733,517
318_jpg.rf.904c7a844ba377b29eb8bff7aa49565f.jpg,800,800,Mushti,124,208,479,565
41_jpg.rf.0db08a91a6f23a083e37d24776c0f9a8.jpg,800,800,Pathaaka,235,114,468,698
348_jpg.rf.2a41f571fa67512f34b3edb83592ce34.jpg,800,800,Mushti,149,201,423,550
446_jpg.rf.b88973cfc1e74bbbf4de6d5f6f6e4819.jpg,800,800,Kartharee Mukham,123,246,766,763
1_jpg.rf.703855ec0b4b71a036c1a57414f5107b.jpg,800,800,Pathaaka,149,134,767,534
375_jpg.rf.e90a6f850a3dc67dfe8eb8aefe63f8af.jpg,800,800,Mushti,153,376,641,621
277_jpg.rf.5068b295d91c353b927386da79c918c4.jpg,800,800,Katakam,134,106,496,589
154_jpg.rf.0690e52e6a6c409f2f3bdbe3e1e57de0.jpg,800,800,Mudraakhyam,157,243,630,667
93_jpg.rf.43eff2974d1a975d16176930619514c2.jpg,800,800,Pathaaka,182,198,677,565
270_jpg.rf.12b6d16bd7a90032301789d9da8fa174.jpg,800,800,Katakam,271,140,663,632
3_jpg.rf.43c3c43a8d410cf2c35f3f5f2411836f.jpg,800,800,Pathaaka,94,164,583,729
69_jpg.rf.1dfc206a2ce9ca10e9787e8318feabec.jpg,800,800,Pathaaka,47,170,643,564
63_jpg.rf.9df3203dff50201390ff489b979d71e0.jpg,800,800,Pathaaka,61,213,661,655
498_jpg.rf.afb917fddb555fd43b0d19df22bda802.jpg,800,800,Kartharee Mukham,177,88,512,657
488_jpg.rf.95fe8d063bad604a28d81f965336afd9.jpg,800,800,Kartharee Mukham,180,136,575,730
391_jpg.rf.b0db089a6b231fabbe88f3d0b29fc832.jpg,800,800,Mushti,197,257,708,513
465_jpg.rf.971cf4ae164d4033ce02c96495b2aaca.jpg,800,800,Kartharee Mukham,284,246,587,561
355_jpg.rf.4eb9f4a2ce6ef0de2bdafff27df3b325.jpg,800,800,Mushti,295,242,614,533
352_jpg.rf.b5f69ded3689a92378ee62f280f9fd67.jpg,800,800,Mushti,206,170,507,455
76_jpg.rf.5509ac2d6ba2869c00e6f0d512696e1c.jpg,800,800,Pathaaka,103,239,705,598
414_jpg.rf.ed95e9bbfff99bd21e2939bd9214d989.jpg,800,800,Kartharee Mukham,201,279,712,758
330_jpg.rf.f040c59301bd61c8506e5f5d2aa3c9a5.jpg,800,800,Mushti,321,244,708,662
40_jpg.rf.aefb6a0c8af46804b76d6fb58dcff8ed.jpg,800,800,Pathaaka,306,35,539,618
304_jpg.rf.f6b4f44e6543f3a9375f383f870e8b63.jpg,800,800,Mushti,238,207,711,666
183_jpg.rf.57556c328068fbf1500504f71ed6b449.jpg,800,800,Mudraakhyam,188,251,541,733
233_jpg.rf.0a848b032e1d402db0d1f5da43d5f35a.jpg,800,800,Katakam,232,322,593,619
232_jpg.rf.29e8192309f9dfa4a55d06195c8a0b6e.jpg,800,800,Katakam,227,107,551,481
62_jpg.rf.73e581ccc7ce98625f85ffb065802b25.jpg,800,800,Pathaaka,258,83,598,706
500_jpg.rf.bf6e5c712e3250564136fa502da2bd85.jpg,800,800,Kartharee Mukham,86,226,683,615
327_jpg.rf.0e9a881bd7a662905be3326c7baca80e.jpg,800,800,Mushti,130,248,541,619
392_jpg.rf.e0d2322b861752e1fd3328f01d13b435.jpg,800,800,Mushti,41,190,606,446
68_jpg.rf.91eb5f600e32b653fa58cef8c790426c.jpg,800,800,Pathaaka,213,36,596,709
99_jpg.rf.773389e06021fc4d4e0018e07fa33ea4.jpg,800,800,Pathaaka,166,227,599,538
488_jpg.rf.9f93648d247877bcc25e61beadc3bafd.jpg,800,800,Kartharee Mukham,141,184,726,578
131_jpg.rf.003e5dc618f0eed96a443b055d2167fd.jpg,800,800,Mudraakhyam,222,242,565,612
170_jpg.rf.a04bf65e2d3e9b83cfcc5ab75c986988.jpg,800,800,Mudraakhyam,231,56,661,623
215_jpg.rf.823b37492211f1b70273bfcab5ca4d1e.jpg,800,800,Katakam,274,334,588,662
286_jpg.rf.5ade58f5021b4c3e1b52e1446133f5a8.jpg,800,800,Katakam,222,288,601,618
264_jpg.rf.90a3ae9f32503dbdb6a7da0ca04d3a0e.jpg,800,800,Katakam,224,196,537,655
358_jpg.rf.88f6e1799afa7f4f7d5837538cd8e89b.jpg,800,800,Mushti,261,204,554,556
178_jpg.rf.9ebcdc8742cbc253fde09a279c107d07.jpg,800,800,Mudraakhyam,190,264,629,618
175_jpg.rf.3d7090b15efe2a3a615ef75c21b137fe.jpg,800,800,Mudraakhyam,139,156,433,596
326_jpg.rf.828d69c3318e885a10b2601faef0eaf1.jpg,800,800,Mushti,276,115,631,554
353_jpg.rf.dd91ac5a4f7a756f88964cf0266421e5.jpg,800,800,Mushti,213,219,613,609
263_jpg.rf.51cafda19598ca6017a180d8685f7d19.jpg,800,800,Katakam,204,207,559,723
496_jpg.rf.7eabe13d98a7d631a1734ff8f3da1680.jpg,800,800,Kartharee Mukham,351,68,633,738
168_jpg.rf.3eeeee1262d76043bf43ffc5124a1daf.jpg,800,800,Mudraakhyam,48,193,586,613
69_jpg.rf.8bfaf6689837ee7c28c492fd7ad80444.jpg,800,800,Pathaaka,240,47,619,644
356_jpg.rf.35fc9c0843cfd63b45d4533aba794fad.jpg,800,800,Mushti,161,208,492,455
68_jpg.rf.43b4d2cc656abb19ac753db3b095d6b0.jpg,800,800,Pathaaka,31,198,753,590
391_jpg.rf.baefa555939fef18470b3fc8c8e87b69.jpg,800,800,Mushti,195,163,495,706
221_jpg.rf.eeed9a53d321014db783ba87f3ae652c.jpg,800,800,Katakam,262,200,614,528
494_jpg.rf.5dff06029f50bf4588c0ee67dcbc7754.jpg,800,800,Kartharee Mukham,102,254,699,570
430_jpg.rf.b53c02e1235e17baed7e1b73d27c0471.jpg,800,800,Kartharee Mukham,204,468,458,651
337_jpg.rf.af2343c9643a0cd6baa9baea346dfabc.jpg,800,800,Mushti,247,316,439,508
454_jpg.rf.a8bcb978b0a24d69f924e51b6a29bc2a.jpg,800,800,Kartharee Mukham,115,258,596,576
86_jpg.rf.54785e7785af7c898a1ae481f0ead37d.jpg,800,800,Pathaaka,139,67,572,637
322_jpg.rf.c9a6cba1c14d450d4b3e70857e60f28b.jpg,800,800,Mushti,101,237,497,635
335_jpg.rf.502c71461bc422cb140d141c6d568815.jpg,800,800,Mushti,180,141,529,473
217_jpg.rf.90de84328b3b178803b86279a37d3650.jpg,800,800,Katakam,301,239,635,498
452_jpg.rf.69e98de83854223756a84f7cda486fe2.jpg,800,800,Kartharee Mukham,275,190,605,567
186_jpg.rf.394fd75e2d14199f8dee46b5dc83630a.jpg,800,800,Mudraakhyam,163,188,615,545
455_jpg.rf.c1aec90731fc70d66b42eec22671a17e.jpg,800,800,Kartharee Mukham,288,232,616,533
121_jpg.rf.e86d3fde3171fc5dc7a587c3d9172c00.jpg,800,800,Mudraakhyam,199,238,561,615
421_jpg.rf.20e90820905c0a4bd26ef4d9e7402b96.jpg,800,800,Kartharee Mukham,148,297,641,616
272_jpg.rf.589ccbd5d866e6a53a014b73dac6d39f.jpg,800,800,Katakam,302,88,524,737
461_jpg.rf.67ec2dfc2abd73c9e16f533a6b5a845f.jpg,800,800,Kartharee Mukham,229,104,551,462
230_jpg.rf.d020b098b3e37666a3aaf5deeab8c02a.jpg,800,800,Katakam,243,214,594,607
66_jpg.rf.d79338e87ea5cfde65ef4f8007a076a3.jpg,800,800,Pathaaka,130,223,739,677
125_jpg.rf.a454cef400d6a31b639f7a966d1a8cdd.jpg,800,800,Mudraakhyam,207,147,569,590
189_jpg.rf.276e9d84f06efd945716d0e0c38a4655.jpg,800,800,Mudraakhyam,200,141,757,484
469_jpg.rf.22ef7fff651accc594834ce2bb782b5e.jpg,800,800,Kartharee Mukham,207,219,602,604
58_jpg.rf.953ad82b0caee59150b153ab8fa078b0.jpg,800,800,Pathaaka,376,295,684,458
181_jpg.rf.a1aad3e22f0181904ca510a7d4e36f3a.jpg,800,800,Mudraakhyam,43,275,535,662
59_jpg.rf.61ad9d8cb765902f366e1d3de3d9aff1.jpg,800,800,Pathaaka,274,215,591,567
473_jpg.rf.ddd7621411cbf562c2d5865205c77524.jpg,800,800,Kartharee Mukham,284,210,711,622
194_jpg.rf.b1cd9e7691d526c66483f31818055b24.jpg,800,800,Mudraakhyam,409,190,774,685
212_jpg.rf.799e51d09953d29385912ad3e303aba4.jpg,800,800,Katakam,339,142,657,467
87_jpg.rf.81f649af112afe40ce3fa731898e4981.jpg,800,800,Pathaaka,101,370,674,698
455_jpg.rf.654e85b611d24676f1576e4db2d84380.jpg,800,800,Kartharee Mukham,257,190,578,484
219_jpg.rf.dec963c6f082bfee408ba352fa4bff06.jpg,800,800,Katakam,165,251,501,593
399_jpg.rf.9b5eb7b146466c923dfb7bd8846555e2.jpg,800,800,Mushti,212,255,720,502
472_jpg.rf.e3a1dc6cbe823138fa4f6b6db6dff797.jpg,800,800,Kartharee Mukham,291,231,574,690
420_jpg.rf.fc8d5eb129459c87bbdf4e7531120b76.jpg,800,800,Kartharee Mukham,301,273,497,535
452_jpg.rf.edafccb912db06f89530b2dd845f463b.jpg,800,800,Kartharee Mukham,189,189,552,534
359_jpg.rf.0bb9be1738f7f2e577d6ec8a0f1bee71.jpg,800,800,Mushti,285,278,586,655
317_jpg.rf.8686cf94522553b4df879a294cb9b3e4.jpg,800,800,Mushti,202,287,548,642
486_jpg.rf.ad08b7bac7d8de367c6353f896a3ca90.jpg,800,800,Kartharee Mukham,119,60,509,698
292_jpg.rf.21f49dc4188fa47799a61d51d36c414d.jpg,800,800,Katakam,128,127,667,686
478_jpg.rf.0949d152adff8a50d647dd430324eeb7.jpg,800,800,Kartharee Mukham,230,87,498,654
119_jpg.rf.6d5382300f90c2b2e5ca4d0dccf70e0a.jpg,800,800,Mudraakhyam,113,278,538,599
225_jpg.rf.b238866b0b0388265522b90da7194bca.jpg,800,800,Katakam,158,111,562,542
175_jpg.rf.d3a3f4be750e7bb91e092646b2cf8aa3.jpg,800,800,Mudraakhyam,153,138,628,445
76_jpg.rf.3ced8bd6ab34f141165bcdd188777a52.jpg,800,800,Pathaaka,207,88,541,684
413_jpg.rf.22b9734b0f39c960e0e94657a4ce5135.jpg,800,800,Kartharee Mukham,159,175,653,599
354_jpg.rf.6a9a3ce6aa73b7db804609adfdde459f.jpg,800,800,Mushti,276,290,633,676
126_jpg.rf.17a702932844632b3695bdda1e0b5180.jpg,800,800,Mudraakhyam,214,109,572,523
199_jpg.rf.08209b0b351585e12b0e98d24ea1aa98.jpg,800,800,Mudraakhyam,131,139,646,750
287_jpg.rf.28549883563dbbc685a0f44785d42a6a.jpg,800,800,Katakam,193,184,583,632
53_jpg.rf.ef2cb438c6d12f433eb58dc04ff6d828.jpg,800,800,Pathaaka,75,354,738,710
189_jpg.rf.fa93791f845caf5eb4625d533c23c469.jpg,800,800,Mudraakhyam,158,59,475,605
451_jpg.rf.6475e876d4461cb2b2d8a1408a914a1a.jpg,800,800,Kartharee Mukham,110,177,599,621
346_jpg.rf.ea06fe385b4bcadf4f2dcd1a9d752546.jpg,800,800,Mushti,178,159,608,559
156_jpg.rf.ec20786eab00a2285e03fc0fdca78cd8.jpg,800,800,Mudraakhyam,62,245,757,566
74_jpg.rf.c7df84154cd7dc28275029f0a105ed1c.jpg,800,800,Pathaaka,154,172,755,540
303_jpg.rf.c11e8bfc43961bc2b01b6998a2f08d32.jpg,800,800,Mushti,307,297,618,625
92_jpg.rf.71929398f16bd1cdc21398ed95f78657.jpg,800,800,Pathaaka,197,211,736,597
334_jpg.rf.ed12ca4ecd9c58b613d349fe38654240.jpg,800,800,Mushti,373,256,596,471
291_jpg.rf.0cc04a34d77175095194b314467c4d59.jpg,800,800,Katakam,158,178,681,659
125_jpg.rf.5364e5ec2cc17631fafae9d437d94c4c.jpg,800,800,Mudraakhyam,143,228,594,597
349_jpg.rf.595697107319e9a5865787640bb14ac9.jpg,800,800,Mushti,226,161,567,432
401_jpg.rf.8907cefc3b84e53bcaac42de0a5c1d28.jpg,800,800,Kartharee Mukham,169,158,585,458
357_jpg.rf.0f6be22b0dc7144c0e171bb400d03c02.jpg,800,800,Mushti,219,190,535,520
361_jpg.rf.cbb0664fd5f12548eb63e3624d948d21.jpg,800,800,Mushti,256,329,510,660
426_jpg.rf.3879f709dd3e68f72138fb441e821b1f.jpg,800,800,Kartharee Mukham,303,129,567,605
164_jpg.rf.4c5acf446eb34480761c7c7d865a4e37.jpg,800,800,Mudraakhyam,168,252,567,539
495_jpg.rf.397a2bbc1551ea9541c244f5c19b7707.jpg,800,800,Kartharee Mukham,292,163,592,632
227_jpg.rf.4de955a4baa1dfb56be9e09a1825b197.jpg,800,800,Katakam,179,112,718,521
23_jpg.rf.77256a65bf99f0b3589314ab04230fe6.jpg,800,800,Pathaaka,134,94,589,532
323_jpg.rf.4d851e1a3dda517dfab03c192aee09ca.jpg,800,800,Mushti,202,266,644,695
426_jpg.rf.c01faffa178bacf0856aec3925112bcb.jpg,800,800,Kartharee Mukham,150,317,602,566
96_jpg.rf.e536375a8ac8fc5b932b4dd30a65d926.jpg,800,800,Pathaaka,68,232,763,699
24_jpg.rf.5a8bf0e2ea07de225ce5ba1557ba5c0b.jpg,800,800,Pathaaka,157,62,652,406
130_jpg.rf.7e8036e9bd14d5c469b21acf019de394.jpg,800,800,Mudraakhyam,282,238,507,701
384_jpg.rf.37722e4cdb10c489cb68c3949a4f2fc3.jpg,800,800,Mushti,171,202,695,446
418_jpg.rf.984092f8b145f449bc1e5ec6e0f69e12.jpg,800,800,Kartharee Mukham,213,39,664,578
197_jpg.rf.36e3de9678921f7f5e5586c15841ec33.jpg,800,800,Mudraakhyam,235,139,533,609
252_jpg.rf.116032d96a6321df558a92484c374a93.jpg,800,800,Katakam,117,282,685,646
25_jpg.rf.9d10fe016ac2f14226f40ed010be6e30.jpg,800,800,Pathaaka,114,5,653,534
288_jpg.rf.8c895f71c9540deec1b4b7c150fc730f.jpg,800,800,Katakam,89,124,635,621
266_jpg.rf.22ba9ba1756410b380241e8078658603.jpg,800,800,Katakam,39,147,470,568
199_jpg.rf.a80b3b1b09eb9ad929b9f1327f9205b3.jpg,800,800,Mudraakhyam,141,89,644,632
123_jpg.rf.0f989531503bfeedd58529c9198d5498.jpg,800,800,Mudraakhyam,173,272,485,610
330_jpg.rf.993c7caa342626f4999d09d6bad0d9c3.jpg,800,800,Mushti,96,154,482,572
462_jpg.rf.c2ca5f1bfcc138477cc78133812afe3d.jpg,800,800,Kartharee Mukham,161,160,633,484
368_jpg.rf.c2244812615fffa2e1b87f8dfa3ee507.jpg,800,800,Mushti,240,286,618,687
220_jpg.rf.a7a9417cfd0abac242b46c3ecbf9ef1b.jpg,800,800,Katakam,205,208,542,550
479_jpg.rf.20c26d15bad539cb41954d8dd1989f65.jpg,800,800,Kartharee Mukham,259,280,687,623
354_jpg.rf.76fcfb14592f48d0d5b9214f58947ea2.jpg,800,800,Mushti,161,128,518,514
333_jpg.rf.2f081e63000cf15fb7fdde98285c41ac.jpg,800,800,Mushti,233,266,440,431
114_jpg.rf.99fc94ea3e60a897ba5fb94d449b7063.jpg,800,800,Mudraakhyam,171,167,553,585
148_jpg.rf.42c087c19a21ee782d3256c1d2e1ae00.jpg,800,800,Mudraakhyam,100,248,708,488
44_jpg.rf.529e625400260b4397ed3379814efb9f.jpg,800,800,Pathaaka,218,266,515,542
347_jpg.rf.4ea05e943f63ef421b863340db55d32b.jpg,800,800,Mushti,500,375,719,616
336_jpg.rf.7726f1a71a1fa317d1e9c243e0f01bf6.jpg,800,800,Mushti,203,224,395,416
321_jpg.rf.75130cebacdce531ec5cb31016c684a8.jpg,800,800,Mushti,150,157,568,584
292_jpg.rf.60ef2fa94041e366e75603823033c5f5.jpg,800,800,Katakam,111,107,707,675
5_jpg.rf.e8321fa724a9a159e4809a2828cdd724.jpg,800,800,Pathaaka,99,290,800,681
54_jpg.rf.28bebca2cf59dddf57d9d0795ca51c57.jpg,800,800,Pathaaka,202,276,534,545
462_jpg.rf.16b296af934da492ca5501192cf87d3f.jpg,800,800,Kartharee Mukham,161,160,633,484
24_jpg.rf.c60294e2fbd42f44ff466895febe7d6a.jpg,800,800,Pathaaka,389,137,740,639
358_jpg.rf.24de4f58a94c5b9e2f114e760b3e42a2.jpg,800,800,Mushti,191,259,556,546
78_jpg.rf.a315967159894d381c878d158ee68cee.jpg,800,800,Pathaaka,204,42,589,635
332_jpg.rf.45759ccc1b7e8c8b9b32726fe6c4b708.jpg,800,800,Mushti,226,196,581,545
296_jpg.rf.fffc5d37ac1f4378bcf14842f5e012a2.jpg,800,800,Katakam,103,209,635,705
278_jpg.rf.143e71859923c68d7af3df07efdd6814.jpg,800,800,Katakam,92,171,486,699
62_jpg.rf.9342bde0300e46e7da080e65acf607c5.jpg,800,800,Pathaaka,99,207,689,529
201_jpg.rf.2bd24e0c4c550b0b18fc869db1192b8e.jpg,800,800,Katakam,25,62,680,567
316_jpg.rf.3ece6d186810ec8077d8e8b01d8b9b30.jpg,800,800,Mushti,197,262,596,728
193_jpg.rf.16cb57a19de518ef2225a16325a8750a.jpg,800,800,Mudraakhyam,254,97,529,693
2_jpg.rf.08b97d0d9fd5458863c3b3af285941b4.jpg,800,800,Pathaaka,34,254,679,641
384_jpg.rf.b1a5545954a8b70b15628354caa90375.jpg,800,800,Mushti,121,349,635,595
494_jpg.rf.a5d39d2d29683ebb6c992fbda8a9f6bc.jpg,800,800,Kartharee Mukham,87,233,684,549
397_jpg.rf.a1deb7994fbcc715801806943169f88c.jpg,800,800,Mushti,337,147,596,706
425_jpg.rf.8b0913251428d28db6ff13c442661913.jpg,800,800,Kartharee Mukham,334,188,614,589
147_jpg.rf.846bf8cc8ca829fd75b420e8ebee6378.jpg,800,800,Mudraakhyam,297,121,497,736
118_jpg.rf.d756a58e18870ba3c3b9f56a4488cd2e.jpg,800,800,Mudraakhyam,242,345,608,658
80_jpg.rf.7b7aa01620e1af7790135d0883f69e0a.jpg,800,800,Pathaaka,237,12,582,716
448_jpg.rf.49eea3b734b5a5c1601d806a8c744096.jpg,800,800,Kartharee Mukham,123,151,713,656
331_jpg.rf.d90d4144aa194a039079404e58261db3.jpg,800,800,Mushti,262,123,624,583
489_jpg.rf.c7e6d291a9b5207c7c8e54fd6cb0bb9d.jpg,800,800,Kartharee Mukham,281,94,543,648
152_jpg.rf.82d46d7ff9a83605d66d5f0390edd24f.jpg,800,800,Mudraakhyam,92,179,499,667
328_jpg.rf.5a11240f5a5ddd35cadf813d9b87165c.jpg,800,800,Mushti,310,234,668,535
56_jpg.rf.33186d85d3550682bf450630dd2188aa.jpg,800,800,Pathaaka,159,176,642,800
499_jpg.rf.fb6656042ffd44a1cb44874ff0c06cd3.jpg,800,800,Kartharee Mukham,189,144,560,726
173_jpg.rf.1b51a86d32727d1d9f0a9eb2286af035.jpg,800,800,Mudraakhyam,179,205,430,573
79_jpg.rf.9ac3d7159dfdb8fb47484627a0298aa9.jpg,800,800,Pathaaka,128,147,612,619
193_jpg.rf.a6f3fe99207934e601664c448c886503.jpg,800,800,Mudraakhyam,104,287,722,500
300_jpg.rf.3eae68a1f9a751e7a4dac7fc44743b04.jpg,800,800,Katakam,93,143,677,706
159_jpg.rf.ba3265ce281cd7cb50f012bd74df4d62.jpg,800,800,Mudraakhyam,304,98,554,780
169_jpg.rf.f3b485d8d4d227ab8afbde2fd97eb5f7.jpg,800,800,Mudraakhyam,170,191,646,594
75_jpg.rf.73c21b8fb02e39c7c9ec8d127a282bf6.jpg,800,800,Pathaaka,93,209,699,570
94_jpg.rf.76060665d84745817d37ac1ef3b3c027.jpg,800,800,Pathaaka,244,45,762,517
495_jpg.rf.5a18e69d1266276faf687fc1776c4704.jpg,800,800,Kartharee Mukham,288,162,595,679
395_jpg.rf.cb4d2f3421d9ca9fb2d6bde0d0f640e3.jpg,800,800,Mushti,370,136,635,646
18_jpg.rf.583654dd9b35f8f169e71a673f0696d4.jpg,800,800,Pathaaka,205,214,662,666
20_jpg.rf.cfa6038c41ccbccad5d77bce047873c2.jpg,800,800,Pathaaka,243,96,642,645
163_jpg.rf.355db1f52ed4ac30b974ac063cf036ab.jpg,800,800,Mudraakhyam,194,254,562,739
129_jpg.rf.20bade1c1bb3f8bf90449a23bd6e4018.jpg,800,800,Mudraakhyam,177,196,568,582
347_jpg.rf.0b7494b569c29049f60e811740c70423.jpg,800,800,Mushti,75,374,294,615
128_jpg.rf.81e90eeaf7b4cb519bb8e9ab2d11b215.jpg,800,800,Mudraakhyam,23,308,494,711
174_jpg.rf.6b0e9c953fbdc91202996d6e169caa55.jpg,800,800,Mudraakhyam,254,119,471,738
22_jpg.rf.2783b848964bd1afbcffbf9a9b80811c.jpg,800,800,Pathaaka,76,133,573,629
27_jpg.rf.1f0de6b877a782c235d40f6a778ef30c.jpg,800,800,Pathaaka,106,167,513,653
465_jpg.rf.974c89a43789cef4ae66d772adcb4074.jpg,800,800,Kartharee Mukham,204,239,507,554
443_jpg.rf.c7f5cf01159cce3733454947b47d6de1.jpg,800,800,Kartharee Mukham,103,96,623,656
464_jpg.rf.0f2acd91424e90fc6c18c940423efd7e.jpg,800,800,Kartharee Mukham,213,205,635,650
92_jpg.rf.7f88efff5204b0a65c3a730ad3d56073.jpg,800,800,Pathaaka,196,58,560,624
193_jpg.rf.217ed7ff330b1e827194467a77e027b3.jpg,800,800,Mudraakhyam,259,99,534,695
192_jpg.rf.9ae2a01ce4e7ea9bdb88edcd4aa971e9.jpg,800,800,Mudraakhyam,323,144,658,800
285_jpg.rf.564bca4ba261a5d1d0b532477b6b2d4a.jpg,800,800,Katakam,230,171,693,730
355_jpg.rf.49a2554ee54b64113dac934bd63f04a6.jpg,800,800,Mushti,258,298,579,609
135_jpg.rf.23bdc6892d96f16d624d8be332b305b0.jpg,800,800,Mudraakhyam,165,180,593,613
458_jpg.rf.241ce3cbe9c351e07d203252742cf085.jpg,800,800,Kartharee Mukham,207,199,524,568
290_jpg.rf.b39df9528658b03b3d70acc718bea6cb.jpg,800,800,Katakam,61,100,499,648
488_jpg.rf.ff72a0d48f4e5131cb10d86867a26780.jpg,800,800,Kartharee Mukham,74,188,678,579
383_jpg.rf.b60964026b2464a2bd8713377c70e64c.jpg,800,800,Mushti,204,62,513,614
162_jpg.rf.71af71a1e5c5640a367d9c0cd621cc98.jpg,800,800,Mudraakhyam,220,208,602,693
320_jpg.rf.2412cb5786afc9ba7fa478039344412c.jpg,800,800,Mushti,79,204,590,637
61_jpg.rf.3a0c7fb4758a1873d17e53a216c2d697.jpg,800,800,Pathaaka,281,156,587,680
297_jpg.rf.9289a68c0e8285b9fe8c6374d1143a16.jpg,800,800,Katakam,95,98,627,594
129_jpg.rf.85a41b1500b68511c71ad6904dac0944.jpg,800,800,Mudraakhyam,214,223,605,609
494_jpg.rf.ea540e8ce2638213176cef576e64ef1d.jpg,800,800,Kartharee Mukham,226,83,562,689
66_jpg.rf.e74b42a1fe2912d6e082161d64446e23.jpg,800,800,Pathaaka,121,136,572,725
499_jpg.rf.23ccba85aae7495497754b059d0cbf08.jpg,800,800,Kartharee Mukham,185,64,556,646
474_jpg.rf.4af28900820cbfacc1be03864a3f0072.jpg,800,800,Kartharee Mukham,304,301,616,662
326_jpg.rf.0bef674e4271082c4bfdcc6188390021.jpg,800,800,Mushti,121,271,541,623
73_jpg.rf.c9ca9b02cab50db5b219bc4c11724d57.jpg,800,800,Pathaaka,1,171,645,542
122_jpg.rf.eb59be26ed6ef36d630b4723c5340045.jpg,800,800,Mudraakhyam,253,205,613,569
487_jpg.rf.23a04c16ae81845d81145237d8feae30.jpg,800,800,Kartharee Mukham,183,182,779,566
80_jpg.rf.6f1768ae09e8d93db8ff81804e0dc113.jpg,800,800,Pathaaka,12,251,704,514
490_jpg.rf.cd10f6e2a011378cd54bc5d942783fbc.jpg,800,800,Kartharee Mukham,191,120,522,659
358_jpg.rf.456426ecbac321380fb718b26f47eb2b.jpg,800,800,Mushti,254,264,600,564
95_jpg.rf.93d90aab92d1b4bac5d1c716be6a4c83.jpg,800,800,Pathaaka,214,170,548,729
372_jpg.rf.2d59b0f3e7cbd60876ce58636d2e6556.jpg,800,800,Mushti,294,70,685,416
266_jpg.rf.4f7d382c17288e9989e3f4ac5d03263d.jpg,800,800,Katakam,131,328,574,704
152_jpg.rf.b80041f5d2eb76d34d74b54585d6ece8.jpg,800,800,Mudraakhyam,182,100,663,505
398_jpg.rf.83f0c2178d0a1f1db88dc648e4543aa0.jpg,800,800,Mushti,218,288,678,513
94_jpg.rf.7aee5fd9426b255e25851183cf9ef6ba.jpg,800,800,Pathaaka,43,240,512,765
97_jpg.rf.2538ef322c4563217e9d14165584c8e5.jpg,800,800,Pathaaka,210,142,468,507
195_jpg.rf.4050a40440921db972706eed1d10870e.jpg,800,800,Mudraakhyam,187,192,696,585
458_jpg.rf.e51e00b8ad43b9e6f2e6cbfb63cf6942.jpg,800,800,Kartharee Mukham,225,274,591,590
20_jpg.rf.a930e436eaf2ebf0d4c17c59c01ba3e9.jpg,800,800,Pathaaka,237,160,636,709
273_jpg.rf.4d3fe43254a3585704d92a04dd38dffa.jpg,800,800,Katakam,79,234,656,569
122_jpg.rf.76f53ee20c9610c02442142245e8bf02.jpg,800,800,Mudraakhyam,251,225,611,589
146_jpg.rf.3500e04948aa99cd9328e4eec588bceb.jpg,800,800,Mudraakhyam,159,166,478,671
1_jpg.rf.ca0ba7a3f708f2abb30ef2a4d00fe722.jpg,800,800,Pathaaka,45,261,671,643
103_jpg.rf.ba5303b8979298ecc6424757ac288676.jpg,800,800,Mudraakhyam,240,168,690,535
444_jpg.rf.154b70866f50511465e0df1083dcbd22.jpg,800,800,Kartharee Mukham,235,25,773,705
147_jpg.rf.9a051dc207beada235af475c60c6398d.jpg,800,800,Mudraakhyam,153,301,731,500
272_jpg.rf.188492d31da0a25fb460fffed24e351f.jpg,800,800,Katakam,91,329,687,523
190_jpg.rf.9c95775ad4ebc94c62adb5d6c1fe5d73.jpg,800,800,Mudraakhyam,141,314,755,655
373_jpg.rf.5c755b31111862fb37922d680df3470d.jpg,800,800,Mushti,174,384,498,701
188_jpg.rf.2617e6fc542872e2637f02b6ab7b252f.jpg,800,800,Mudraakhyam,156,162,453,782
172_jpg.rf.a4f8bbd8994afaf32dead596ac1f86c5.jpg,800,800,Mudraakhyam,97,246,584,612
370_jpg.rf.530dc6de9be5eef92d4e151674ee7846.jpg,800,800,Mushti,335,1,630,428
68_jpg.rf.f06ef75a4bd1b79feb1c0bf951ffd387.jpg,800,800,Pathaaka,39,203,713,592
426_jpg.rf.84fe28fe7d145422a2d7c6c8fb193bca.jpg,800,800,Kartharee Mukham,147,323,605,570
420_jpg.rf.487b18f972694bc1f08f4a0eec77672e.jpg,800,800,Kartharee Mukham,301,273,497,535
250_jpg.rf.dc23a643355d3308c0227e581fb020a5.jpg,800,800,Katakam,329,131,695,705
58_jpg.rf.e99f6c1039dbd87ee572054f7b5d8163.jpg,800,800,Pathaaka,276,115,457,427
19_jpg.rf.d901917a23f750919cf221eca3da5cf1.jpg,800,800,Pathaaka,240,243,596,655
185_jpg.rf.b590435d3ff633b76e80e837f010a7df.jpg,800,800,Mudraakhyam,85,201,440,598
489_jpg.rf.0ca027de8072a4e1246a388ca4a4a725.jpg,800,800,Kartharee Mukham,240,124,480,701
466_jpg.rf.b683745fbc1a640fc1c1692b0d55d6c5.jpg,800,800,Kartharee Mukham,259,216,483,590
79_jpg.rf.5cf9db87ab2dbac20c4a1937f38fcfcc.jpg,800,800,Pathaaka,186,183,646,662
472_jpg.rf.ac3c162d71f387bde34141469dafd2ca.jpg,800,800,Kartharee Mukham,103,214,530,516
389_jpg.rf.961436b1fac86f6f7e05569b3f3cd51a.jpg,800,800,Mushti,72,190,685,489
380_jpg.rf.e83fe3ca6ec278d864865174f0fd558f.jpg,800,800,Mushti,252,151,516,627
60_jpg.rf.e2a2f18352fc138c70781e0293203681.jpg,800,800,Pathaaka,206,228,517,732
484_jpg.rf.edc992063ed3dfce44251f521cf5d88a.jpg,800,800,Kartharee Mukham,190,250,687,602
321_jpg.rf.55443a09abf50bc112f66a16649e95a3.jpg,800,800,Mushti,94,209,605,642
269_jpg.rf.0f4bf4ce8d4b5255cfa1cf9cfa1a2f80.jpg,800,800,Katakam,154,100,512,715
19_jpg.rf.e8bea69145dba5d3e3801e6e957a1d16.jpg,800,800,Pathaaka,201,245,557,657
10_jpg.rf.49eebdd3c345bfcf3f5683e4c80ebb70.jpg,800,800,Pathaaka,155,185,651,764
265_jpg.rf.6eee6a932c6ab685739c23b43f284f75.jpg,800,800,Katakam,211,194,502,681
89_jpg.rf.67ba7ff1daeeb20949f8d418f13dcfd6.jpg,800,800,Pathaaka,104,229,717,516
87_jpg.rf.3d75be4cde68cc76f0f8e90fd106dec3.jpg,800,800,Pathaaka,114,73,431,671
256_jpg.rf.b892bed27fe07db1ea0899315cebad18.jpg,800,800,Kartharee Mukham,333,93,678,515
282_jpg.rf.c2a00f93585909a3b89e812adc502cea.jpg,800,800,Katakam,131,212,680,721
186_jpg.rf.29b23bd6ef3edd98572b43d40d746f02.jpg,800,800,Mudraakhyam,248,160,605,647
171_jpg.rf.e7a5ba2e9fdd3c58562c48628cd42cbc.jpg,800,800,Mudraakhyam,126,169,671,577
29_jpg.rf.ac15f82194a0cb42811a1e8513da52b3.jpg,800,800,Pathaaka,155,156,566,623
357_jpg.rf.b9176d65892e205c8079156c384705ef.jpg,800,800,Mushti,219,190,535,520
466_jpg.rf.c4403cb3fcf7d628f40ee88c3e451fe1.jpg,800,800,Kartharee Mukham,220,310,592,531
258_jpg.rf.e7e822ec686a76053f9e924723b98e9c.jpg,800,800,Katakam,329,212,656,641
101_jpg.rf.70cbf1747806b3f4ec2b1791c76dfb21.jpg,800,800,Mudraakhyam,48,218,743,673
5_jpg.rf.a24da67f7bd4457f1573bceb9f336f36.jpg,800,800,Pathaaka,91,117,800,520
243_jpg.rf.1056b3503d9fac0ee91621d09d25b751.jpg,800,800,Katakam,99,267,594,587
232_jpg.rf.6ec4f491d97df92ea8f03373329d7a1b.jpg,800,800,Katakam,327,272,693,574
417_jpg.rf.54995dd51e6204eea5eb1a17ee1b1cc1.jpg,800,800,Kartharee Mukham,154,95,745,582
350_jpg.rf.995502eefcd8508131b15aac5c636aa9.jpg,800,800,Mushti,298,223,579,584
163_jpg.rf.c281007c04d8a24308a1d3d53ac327da.jpg,800,800,Mudraakhyam,83,234,545,590
302_jpg.rf.ebd5bed99db9ab217dcd998ef3e9f4a3.jpg,800,800,Mushti,219,115,590,667
155_jpg.rf.41da1298bcfa4fd6ba3024d4f8050f01.jpg,800,800,Mudraakhyam,116,271,586,637
40_jpg.rf.d9fee815ea37430a4ce081562fee4b1e.jpg,800,800,Pathaaka,263,41,496,624
133_jpg.rf.6aa808e63be56724a51619308f340496.jpg,800,800,Mudraakhyam,55,242,693,489
103_jpg.rf.8d5d06de82ff367c57736eb6a069c383.jpg,800,800,Mudraakhyam,248,269,698,636
324_jpg.rf.c77cd4f4cda135d22ccaa7b4995e9c2b.jpg,800,800,Mushti,343,214,684,525
129_jpg.rf.cbdc4de5a910efa4d953c259878bc557.jpg,800,800,Mudraakhyam,198,197,603,591
60_jpg.rf.f3b571249306821ecf3ca1cbfb930fb7.jpg,800,800,Pathaaka,291,76,603,580
424_jpg.rf.3822e44646b4a843e50a5838cf81e5db.jpg,800,800,Kartharee Mukham,85,38,526,582
293_jpg.rf.a86012570ab55f895a0590edc2662d68.jpg,800,800,Katakam,196,144,711,627
362_jpg.rf.1dc9f8b15576ba583b694b092a803728.jpg,800,800,Mushti,166,216,439,580
165_jpg.rf.ff26173779d4bca4e579dcdc4090d866.jpg,800,800,Mudraakhyam,283,131,614,540
444_jpg.rf.68ba45213fff92f46511ea758080a404.jpg,800,800,Kartharee Mukham,234,93,772,773
319_jpg.rf.0bd667fbba4acbe3ee40bae3ad33d505.jpg,800,800,Mushti,374,285,730,642
78_jpg.rf.9e646cca13c7cd80a3a021d80472f500.jpg,800,800,Pathaaka,203,43,588,636
389_jpg.rf.ef26733a9a540729e7a2ef65f4a1a90b.jpg,800,800,Mushti,72,190,685,489
233_jpg.rf.953028938d171a8bb795ea636a25f7be.jpg,800,800,Katakam,233,207,610,494
81_jpg.rf.68afe483e40e8381ea3f393e28458390.jpg,800,800,Pathaaka,236,15,535,740
451_jpg.rf.75e51c06b628cdeee8c4b539ec362917.jpg,800,800,Kartharee Mukham,180,201,601,688
403_jpg.rf.fe2ab522826abe02e0d1d720b9316e04.jpg,800,800,Kartharee Mukham,139,177,588,562
257_jpg.rf.47675027009c9f521ab56193f54400ee.jpg,800,800,Katakam,142,218,651,605
491_jpg.rf.3d3d16d4095915e49b2b6d471869d643.jpg,800,800,Kartharee Mukham,323,145,657,645
195_jpg.rf.bda72caf80d16fd66b4ca06fd572775f.jpg,800,800,Mudraakhyam,217,100,633,617
76_jpg.rf.8625a6b583b36fd5d6a8853589394e55.jpg,800,800,Pathaaka,235,91,606,676
304_jpg.rf.e9162f03d4688d873961dcb3fe0d74b6.jpg,800,800,Mushti,130,92,602,551
8_jpg.rf.5007f27e54890e8b0bd8cf9d1c4ee6a8.jpg,800,800,Pathaaka,107,172,614,599
146_jpg.rf.7bb4a841fa37dea1e9511a3662e86fde.jpg,800,800,Mudraakhyam,162,328,659,646
222_jpg.rf.0d39c5617e9ef767a9251e7b57b0a202.jpg,800,800,Katakam,163,177,514,541
430_jpg.rf.c5feb9f31e21722bbb700d422b75498c.jpg,800,800,Kartharee Mukham,332,154,587,337
287_jpg.rf.8f88dd6a9fa7ccbfdfbdc173df6658f6.jpg,800,800,Katakam,177,222,640,599
162_jpg.rf.c0728673bdefbb9ee63d3a78e8b7cc2b.jpg,800,800,Mudraakhyam,229,212,597,697
176_jpg.rf.eb1f05d8a9ef3a797d871c2189f2b372.jpg,800,800,Mudraakhyam,50,334,763,618
117_jpg.rf.7aa947e19b618c415f914eb6aa05e0eb.jpg,800,800,Mudraakhyam,173,243,621,560
130_jpg.rf.8e556df725bc317dcd1686af2c33e2f9.jpg,800,800,Mudraakhyam,286,238,511,701
8_jpg.rf.a561655a7ffad31be0e3bab7b669dcf2.jpg,800,800,Pathaaka,107,201,614,628
379_jpg.rf.2520440eefba599197724b571de54cfe.jpg,800,800,Mushti,131,183,629,592
487_jpg.rf.de5af84694b81fc9d81989326197587f.jpg,800,800,Kartharee Mukham,185,183,579,779
226_jpg.rf.6b8c1c383eddd31fa7d673353d97e04a.jpg,800,800,Katakam,178,145,657,707
169_jpg.rf.fdb8ee7da2172c23f56b4310f2203805.jpg,800,800,Mudraakhyam,152,195,628,598
245_jpg.rf.728c7cafe0cb247c9b68e95453ec9100.jpg,800,800,Katakam,229,264,568,664
202_jpg.rf.c1cd3137066809fc195124581e4af6b0.jpg,800,800,Katakam,243,54,715,716
48_jpg.rf.f1ce643864ed999ef22ce4cc793f8996.jpg,800,800,Pathaaka,250,299,799,651
434_jpg.rf.5558617df5f4b9edfe26ac47111f13d9.jpg,800,800,Kartharee Mukham,264,185,620,600
167_jpg.rf.bf42791a3eaa6a3ec72dcef23a3e47ab.jpg,800,800,Mudraakhyam,54,227,484,666
260_jpg.rf.a6500e8460e200f5872afe0d908b50ef.jpg,800,800,Katakam,165,190,681,523
103_jpg.rf.0eed87cbd8cd4213af22e7290cdef20d.jpg,800,800,Mudraakhyam,258,249,618,690
294_jpg.rf.09c61e06222ce4a7a0aa1669e312d429.jpg,800,800,Katakam,198,186,615,597
183_jpg.rf.fb0a5884df4696a9270194df49260204.jpg,800,800,Mudraakhyam,181,58,551,541
166_jpg.rf.7b50fb23f43b6a70bf3df735a98a98e9.jpg,800,800,Mudraakhyam,66,132,641,590
224_jpg.rf.e5dd61df666fbd57eda8dd96a06857fc.jpg,800,800,Katakam,227,235,654,595
222_jpg.rf.490c4729c95cbe3a516b913fbd3672b3.jpg,800,800,Katakam,160,259,509,644
74_jpg.rf.349276ae60a98103bab13f055fddb71f.jpg,800,800,Pathaaka,149,259,754,629
176_jpg.rf.a625a984edf0426fed4ac4684cdf5cfe.jpg,800,800,Mudraakhyam,50,180,695,479
416_jpg.rf.261db76f59793c9cadd159e26962e602.jpg,800,800,Kartharee Mukham,181,108,661,617
61_jpg.rf.3b2ad1f37cc5b4209c18759ae5af5514.jpg,800,800,Pathaaka,123,211,650,526
102_jpg.rf.191511e91ba650fb43b993a424b6b210.jpg,800,800,Mudraakhyam,241,227,697,571
281_jpg.rf.8e81ca84a3aa24ad0bded671aa7c4971.jpg,800,800,Katakam,117,199,517,659
154_jpg.rf.4efa800428418ae3fa3e862eee2819d4.jpg,800,800,Mudraakhyam,165,248,638,672
132_jpg.rf.d17e48e7fae9e20d51444ab49bb28499.jpg,800,800,Mudraakhyam,251,162,670,580
416_jpg.rf.9c2a8aa0d1866e95acc8a90921c9dde8.jpg,800,800,Kartharee Mukham,181,108,661,617
393_jpg.rf.ae733468c80ce4b6e0d8fa10bb545bec.jpg,800,800,Mushti,213,1,549,548
284_jpg.rf.569b541e1b39f5fea99dbe25595697b1.jpg,800,800,Katakam,198,231,734,575
359_jpg.rf.f1d314a5a2d1a99c9d5dc0772f60b664.jpg,800,800,Mushti,260,149,578,509
23_jpg.rf.003df0adf51807bb38b126814cef0a01.jpg,800,800,Pathaaka,219,84,674,522
327_jpg.rf.89b3023fe34a2729d8092758ccac1285.jpg,800,800,Mushti,135,184,546,555
349_jpg.rf.01b783a3bca8d5059b1ea3f323fc708a.jpg,800,800,Mushti,149,223,432,574
497_jpg.rf.0d4d888754a01c3d2fc9815a05626e84.jpg,800,800,Kartharee Mukham,209,164,580,737
493_jpg.rf.bd7ee7dd0d1ee621a653cdc7096d3712.jpg,800,800,Kartharee Mukham,46,240,771,628
496_jpg.rf.b65ac1985eec61536e2ab6135c635254.jpg,800,800,Kartharee Mukham,151,63,433,733
104_jpg.rf.663a06d08cf8eeb0880b33a0ca1090d5.jpg,800,800,Mudraakhyam,193,138,567,683
302_jpg.rf.bce27157d1979ea60a0bded2f16c1627.jpg,800,800,Mushti,126,215,678,556
379_jpg.rf.3ff4e2418b1a3cd8c45aee021e6dda71.jpg,800,800,Mushti,127,180,618,602
58_jpg.rf.fe6a9859a20492645ff44eea1dd9484f.jpg,800,800,Pathaaka,100,343,432,509
446_jpg.rf.4e876abd4a09e43cfde99f2f1aec3c51.jpg,800,800,Kartharee Mukham,116,262,759,778
479_jpg.rf.9f50e3bc3739e5dea525c17028d4351e.jpg,800,800,Kartharee Mukham,319,244,618,688
215_jpg.rf.1189af2974964cbd560c1c64e14de000.jpg,800,800,Katakam,206,140,520,468
84_jpg.rf.44c894d68a9ba356ca221600ddb10464.jpg,800,800,Pathaaka,241,83,629,559
256_jpg.rf.00fc62a3f5db16dd8ab88e9d4cae1c88.jpg,800,800,Kartharee Mukham,288,135,703,480
476_jpg.rf.49d7de1670479071f3068d4d5fb4cf06.jpg,800,800,Kartharee Mukham,109,324,707,636
299_jpg.rf.6db2a3d4a2040e0c0015bb21858be771.jpg,800,800,Katakam,298,242,744,572
433_jpg.rf.fc834e69481a1eb55dcb9b0f735c88fd.jpg,800,800,Kartharee Mukham,243,154,678,557
120_jpg.rf.2f4b0a4f8ec575d4b041ec7a1976f86e.jpg,800,800,Mudraakhyam,227,193,593,522
315_jpg.rf.fda7b3a69290418cc1bed4c406508387.jpg,800,800,Mushti,144,237,569,620
200_jpg.rf.102f7928dc9a16a612ee23281557bae2.jpg,800,800,Mudraakhyam,108,81,450,729
171_jpg.rf.c30efe0e8c5fc8ea82019c195435d2e9.jpg,800,800,Mudraakhyam,122,209,667,617
471_jpg.rf.130dcee0c014d5336cf9623a4f300635.jpg,800,800,Kartharee Mukham,255,291,585,624
464_jpg.rf.401e30895556b71a89b94d07ea6e1036.jpg,800,800,Kartharee Mukham,149,198,577,574
390_jpg.rf.b734cb94a557b719cb7c9844783cf208.jpg,800,800,Mushti,165,231,621,645
468_jpg.rf.3fc4d4d93f460beea15099ff9092c34f.jpg,800,800,Kartharee Mukham,247,213,535,603
29_jpg.rf.bf06213b214623c5df429d70674a0b5a.jpg,800,800,Pathaaka,161,213,635,660
186_jpg.rf.40f843c437175100346e1640bcb359a2.jpg,800,800,Mudraakhyam,160,191,612,548
126_jpg.rf.5d301b312415c9e652548f5e9a0f63a0.jpg,800,800,Mudraakhyam,237,273,544,695
274_jpg.rf.a24fe4f69bcdaf6e5341cad45168e22c.jpg,800,800,Katakam,125,88,518,680
363_jpg.rf.3fb5d1b196c1a9bf9d8473fdcd51a146.jpg,800,800,Mushti,228,130,648,592
84_jpg.rf.f042f6f5e3fe6999e0978db2fdfa895e.jpg,800,800,Pathaaka,228,157,707,570
329_jpg.rf.c153b0302b5464f7a568aa7c525e8b4d.jpg,800,800,Mushti,102,195,612,616
489_jpg.rf.7c40e10c6dae70ff07e53006086942af.jpg,800,800,Kartharee Mukham,101,261,641,525
276_jpg.rf.15dc673ac8432db2fcac0691056c67e6.jpg,800,800,Katakam,114,267,616,660
363_jpg.rf.397a3ce32f53f2fa319d54a028bdbe66.jpg,800,800,Mushti,122,227,590,661
191_jpg.rf.f1f269b90913e425c0b9e6a3de210304.jpg,800,800,Mudraakhyam,98,158,437,674
325_jpg.rf.9092eb74c249437af797eaa4332d4d5d.jpg,800,800,Mushti,299,270,728,669
319_jpg.rf.6813f06f656696d65af3cf7637c2abb7.jpg,800,800,Mushti,174,59,524,465
224_jpg.rf.4fcb9cd1ec17f90b3cf4549267c4d639.jpg,800,800,Katakam,134,208,563,614
97_jpg.rf.714b44bfdc53e290573d1d9526bb22a0.jpg,800,800,Pathaaka,261,206,715,456
72_jpg.rf.bc42766fe7d74a24919152a9c7c3dcab.jpg,800,800,Pathaaka,161,100,515,769
120_jpg.rf.d3ade1858042194c46b1411b243e70a6.jpg,800,800,Mudraakhyam,178,216,539,593
396_jpg.rf.df22ccfbcb26d96b2c30b90c1aa42087.jpg,800,800,Mushti,144,151,411,695
368_jpg.rf.76b1c5f78f05b509e0cf12695afdcefa.jpg,800,800,Mushti,110,160,517,559
424_jpg.rf.8951f91a8493eb7a858ac410a1d00d7d.jpg,800,800,Kartharee Mukham,278,212,720,756
119_jpg.rf.c574749b81060bd42dfd80694187a540.jpg,800,800,Mudraakhyam,201,115,534,535
115_jpg.rf.bde9468002d6642d0b828689bbf43f55.jpg,800,800,Mudraakhyam,222,172,586,585
128_jpg.rf.b529a8297d7e51ee4d45bd7cee3c0c8e.jpg,800,800,Mudraakhyam,272,334,721,766
382_jpg.rf.825819c4d372c0efd88407a844a59cf1.jpg,800,800,Mushti,308,270,587,775
84_jpg.rf.058fc14a1ed2100e97311b3ec51eaf0d.jpg,800,800,Pathaaka,85,207,563,620
296_jpg.rf.d59c08382cbba68e1ad6aee0367f7252.jpg,800,800,Katakam,144,182,696,721
128_jpg.rf.a4b791bf028ac7b4ed7b0025d91bd5af.jpg,800,800,Mudraakhyam,258,335,707,767
454_jpg.rf.c073b9f9e380c7a92f7eb393ad32c366.jpg,800,800,Kartharee Mukham,240,132,575,596
418_jpg.rf.7af0458c6f8773531fb2e16d241bb141.jpg,800,800,Kartharee Mukham,220,230,759,640
301_jpg.rf.f045c7e0a3a14c8d71d9f175d597ac69.jpg,800,800,Mushti,280,161,659,588
353_jpg.rf.7b09ffc2bd5a15cab52535d89bd9024d.jpg,800,800,Mushti,212,206,612,596
121_jpg.rf.a5a01fa9b2c2e01b5aeeda8e4cd3a9de.jpg,800,800,Mudraakhyam,192,187,554,564
116_jpg.rf.abecbd014bd4d2c55ca88d5ade66420c.jpg,800,800,Mudraakhyam,200,199,623,624
369_jpg.rf.f4cdfe8f4ddd27531dc7255736e2a923.jpg,800,800,Mushti,200,335,500,727
495_jpg.rf.f1bc1b66eccc82129a6b9a8eda910f4e.jpg,800,800,Kartharee Mukham,173,202,651,523
216_jpg.rf.a6b96d57a4bdf5f15d57520a8d5d1abf.jpg,800,800,Katakam,226,169,622,608
221_jpg.rf.8532f2f241b621ef5a602b278763c0ab.jpg,800,800,Katakam,261,269,613,597
375_jpg.rf.ca5b49329db9844d9b2b1308b9a38f18.jpg,800,800,Mushti,149,166,637,411
404_jpg.rf.e6435f71dac4bf2e0f5f7106a7f9ae6b.jpg,800,800,Kartharee Mukham,383,350,611,570
374_jpg.rf.3d906bbdbcac05db74399ecb41dd3f88.jpg,800,800,Mushti,126,283,443,622
371_jpg.rf.ce76cc43b1276af206ee1b18916df17d.jpg,800,800,Mushti,162,307,467,623
326_jpg.rf.824fb45a1e80bbc533f71bbe7462c520.jpg,800,800,Mushti,285,135,638,543
325_jpg.rf.aa8483d9b86790773cc1bb345c2e5520.jpg,800,800,Mushti,124,76,540,504
376_jpg.rf.cec90c4b22392e434e07cc43f8fd869c.jpg,800,800,Mushti,194,369,678,642
133_jpg.rf.6bf24f1e0ab6ff5dfadf2ed9e06fbc70.jpg,800,800,Mudraakhyam,221,105,491,746
251_jpg.rf.3fb4e27ebd8f4cd2cd42d85fdc1f48d6.jpg,800,800,Katakam,339,131,705,705
220_jpg.rf.197519c87b9903eecd07570e95743e28.jpg,800,800,Katakam,248,194,585,536
133_jpg.rf.309a5c45bd8b055934cda759c4c75857.jpg,800,800,Mudraakhyam,100,245,746,481
231_jpg.rf.e5f67de916582e7a09868a3144c3fd58.jpg,800,800,Katakam,231,118,623,606
294_jpg.rf.ad967de2188cc1849a36d7b57806eb54.jpg,800,800,Katakam,200,186,617,597
184_jpg.rf.a6250e7ac120f721679ca553b6d136ac.jpg,800,800,Mudraakhyam,181,94,479,514
87_jpg.rf.d2b34c0d86d8979ed1187171751fd2cf.jpg,800,800,Pathaaka,367,124,672,696
253_jpg.rf.e9de6322bd485106e82f1df8f1908851.jpg,800,800,Katakam,294,284,725,594
228_jpg.rf.47878f843cf96619b66484b37ee0af03.jpg,800,800,Katakam,242,143,674,566
283_jpg.rf.f17d823e7bcbd137b8faad4c838768c5.jpg,800,800,Katakam,39,60,585,467
223_jpg.rf.21a6d51a17b71b74aca8f893e2012edd.jpg,800,800,Katakam,158,116,605,569
490_jpg.rf.af86cb17b61cf7058e393bb3b6d9c6a3.jpg,800,800,Kartharee Mukham,148,199,697,530
369_jpg.rf.c9c2f3844d1a94a877a193f6417cbedc.jpg,800,800,Mushti,301,80,601,471
63_jpg.rf.4a16ebcbd7167aee22f1486884dbb56b.jpg,800,800,Pathaaka,235,54,661,634
257_jpg.rf.e53b3f39085f30623c690c7880f8c9bb.jpg,800,800,Katakam,198,164,566,635
393_jpg.rf.ae294f7deb18e58b9a52538cde808ce1.jpg,800,800,Mushti,236,264,786,578
467_jpg.rf.11336338a3e714b3fb1f46980d66541e.jpg,800,800,Kartharee Mukham,169,257,558,609
382_jpg.rf.cd77bc99ecdde3033773de746b81d97d.jpg,800,800,Mushti,272,201,784,498
26_jpg.rf.c21292242dc110885d6be18b5e1890ad.jpg,800,800,Pathaaka,161,149,643,629
385_jpg.rf.994b65a60ee321cef76739499363b0b8.jpg,800,800,Mushti,51,284,609,565
225_jpg.rf.6a1300a1f71bc07c3fd59a7f7df9b102.jpg,800,800,Katakam,251,266,655,697
422_jpg.rf.3e84edfe3726817b08931696be5c8e46.jpg,800,800,Kartharee Mukham,106,223,591,659
179_jpg.rf.3690c75f6b0c3d19f7e9bfa049ae60ea.jpg,800,800,Mudraakhyam,227,242,593,686
98_jpg.rf.f9b1de4103528835f59ad62f26ece150.jpg,800,800,Pathaaka,319,287,752,598
280_jpg.rf.7ce4f9a7795be83727442978b054397b.jpg,800,800,Katakam,115,268,638,661
336_jpg.rf.7052a93ec52a68ca179c01d26872bebd.jpg,800,800,Mushti,206,384,398,576
73_jpg.rf.4f20f76511cdb65ac1eb76986a6ce61b.jpg,800,800,Pathaaka,122,268,790,622
393_jpg.rf.0d1d53b8482578b81088dd84ab62df8d.jpg,800,800,Mushti,6,276,555,590
359_jpg.rf.b53a3bc17f0d77afdcdfcaa61d19f487.jpg,800,800,Mushti,292,227,659,543
351_jpg.rf.200916f18bf2d3fb7248a8768c82f6fb.jpg,800,800,Mushti,243,212,515,567
271_jpg.rf.befbe914d44e5d95a9911e901f784d73.jpg,800,800,Katakam,166,42,428,735
332_jpg.rf.1ac2fe7f2113b85cf0ba104caf424c79.jpg,800,800,Mushti,217,246,553,601
8_jpg.rf.cbf783effa5d7ce1051ee2cf757fdc7c.jpg,800,800,Pathaaka,113,175,620,602
159_jpg.rf.6d03c2ed9d88dd5d1dab05e2f06dfd55.jpg,800,800,Mudraakhyam,251,96,474,746
148_jpg.rf.98226c301ac0affed92aea54e30caaa2.jpg,800,800,Mudraakhyam,287,124,557,676
322_jpg.rf.4fdf5c1afc8509caa5391515756dde58.jpg,800,800,Mushti,111,157,507,555
370_jpg.rf.15f2b853f4e62267430833eaca3050a3.jpg,800,800,Mushti,1,168,425,462
415_jpg.rf.efbd8fd52a724777335c080610564986.jpg,800,800,Kartharee Mukham,69,175,531,656
145_jpg.rf.7e4e7cec4c5b260eb9c49f8ff53147a6.jpg,800,800,Mudraakhyam,284,166,578,672
49_jpg.rf.9036e9c8bc90581523a00fa2e7e2170a.jpg,800,800,Pathaaka,222,120,539,615
271_jpg.rf.a5090d18646c3e7a86b2402389f3eba7.jpg,800,800,Katakam,167,87,429,780
390_jpg.rf.b96b74bccd77c84d68c02b076da7d65d.jpg,800,800,Mushti,222,168,633,630
479_jpg.rf.b22e122f985f5c637138dd5a82cb5304.jpg,800,800,Kartharee Mukham,261,164,689,507
157_jpg.rf.43d65e7f4c1b664e8680f0bd30f42831.jpg,800,800,Mudraakhyam,185,108,541,600
70_jpg.rf.35bac512eef25b903c4a02bf56a90351.jpg,800,800,Pathaaka,285,202,675,683
77_jpg.rf.b72a5a060608eecdad620d13d7b86587.jpg,800,800,Pathaaka,52,209,661,610
485_jpg.rf.1891ccbfe66c3f1ed43def91972b452c.jpg,800,800,Kartharee Mukham,119,56,535,722
349_jpg.rf.490cd18551ddbc9d0004ac61882c14d5.jpg,800,800,Mushti,227,160,568,431
365_jpg.rf.03ea23d5dd339c4e3c442d601342fbb3.jpg,800,800,Mushti,268,368,552,743
96_jpg.rf.d75e51b26080a5c7d286809a643f6648.jpg,800,800,Pathaaka,252,63,695,734
28_jpg.rf.85e8cfc7c5b9d49369d2d7325989a027.jpg,800,800,Pathaaka,157,219,600,573
445_jpg.rf.42279af8a681a6003844836c9c994818.jpg,800,800,Kartharee Mukham,159,89,791,576
200_jpg.rf.149e64eea3e12f235ac02d983bbcc6eb.jpg,800,800,Mudraakhyam,79,121,720,440
101_jpg.rf.cba11c800294bee84445e1bc63a79e3a.jpg,800,800,Mudraakhyam,116,44,582,767
48_jpg.rf.b7343459b9b0828b180bb5cb0c0e1681.jpg,800,800,Pathaaka,157,254,509,784
460_jpg.rf.228a04ca0f278591f3dbe1f6b69975bb.jpg,800,800,Kartharee Mukham,246,178,558,468
470_jpg.rf.27b9c86d8f7ec444f89586dcd83ec10b.jpg,800,800,Kartharee Mukham,108,210,490,532
223_jpg.rf.801c0b9d9424846f5380366d2ab4f2b9.jpg,800,800,Katakam,259,220,688,626
50_jpg.rf.0b2fa3295da99c52bf97986f815bc437.jpg,800,800,Pathaaka,186,232,591,558
364_jpg.rf.19f61d14940fa2e616cdfe1f98c6ffa6.jpg,800,800,Mushti,247,250,612,553
160_jpg.rf.95b92f09afdb956acd39082befa1de1e.jpg,800,800,Mudraakhyam,268,179,450,725
272_jpg.rf.f8f308caba33c0d23d95abea970df086.jpg,800,800,Katakam,272,92,483,706
400_jpg.rf.faa6df68d6048ee9585aba07d87f238b.jpg,800,800,Mushti,216,187,510,724
398_jpg.rf.79c39f7641e54c1bdfc409671aca77a1.jpg,800,800,Mushti,266,211,522,697
160_jpg.rf.c3bf3d9efa1bc4c3b6d7c0be01b05294.jpg,800,800,Mudraakhyam,352,95,533,645
96_jpg.rf.bf2708f60bc29259a9530182d4d4347e.jpg,800,800,Pathaaka,275,80,696,753
246_jpg.rf.63df28d3a303cdc10627ecebad11d59a.jpg,800,800,Katakam,256,204,573,599
298_jpg.rf.f53c22af349ff5fad7e9f80ec68da2e9.jpg,800,800,Katakam,173,251,677,742
6_jpg.rf.20985b7b5d0f982839b79131d0b254c6.jpg,800,800,Pathaaka,174,224,728,714
57_jpg.rf.d2516bad3b28617eb19aa3834517ab32.jpg,800,800,Pathaaka,298,34,700,583
93_jpg.rf.0b54c24f7fa3452287de6dcab16452df.jpg,800,800,Pathaaka,268,124,607,626
201_jpg.rf.41290ad5c0151f83b216feec7f570694.jpg,800,800,Katakam,30,217,663,744
232_jpg.rf.f8ad312c1c6b1baafb44b1a494fcb2fa.jpg,800,800,Katakam,106,273,466,570
75_jpg.rf.447a6a0029b0af1e960ec8a23d6cb889.jpg,800,800,Pathaaka,99,220,705,581
85_jpg.rf.2558a10e21cc0559bc8d5344284e62ed.jpg,800,800,Pathaaka,232,179,633,627
293_jpg.rf.7966892ff723249c78a9de0d44750b71.jpg,800,800,Katakam,154,138,657,564
75_jpg.rf.0b13f7717bc43decb7637dfb5522326a.jpg,800,800,Pathaaka,215,105,578,695
119_jpg.rf.80a7517859a3fc7daf4bac05ebb59ec6.jpg,800,800,Mudraakhyam,113,211,538,532
246_jpg.rf.f16c292060a22952b93ebe2e9b95a1cf.jpg,800,800,Katakam,221,193,540,603
447_jpg.rf.167506db00edf45711aec2acadcd28af.jpg,800,800,Kartharee Mukham,53,226,592,708
48_jpg.rf.fa4bef3259f6344b904e72be30301540.jpg,800,800,Pathaaka,298,1,648,545
404_jpg.rf.9d67f8b4c8e59d1af7ffe92df335040f.jpg,800,800,Kartharee Mukham,181,236,426,451
457_jpg.rf.47278f16900aa0663a135f6fe9b55313.jpg,800,800,Kartharee Mukham,202,360,608,686
425_jpg.rf.3e804511e13162fbcbc7e31f5f2540e6.jpg,800,800,Kartharee Mukham,311,202,648,625
157_jpg.rf.fecf498c45c15622f08a1efcd522ae0c.jpg,800,800,Mudraakhyam,257,206,605,700
419_jpg.rf.062a1bec4f32c8a0e8611e06787500af.jpg,800,800,Kartharee Mukham,105,166,561,704
98_jpg.rf.a91a56909d046645b9664d8ea2fc8760.jpg,800,800,Pathaaka,263,325,597,734
200_jpg.rf.712bb140db9b5f11bf871eb6af4208d6.jpg,800,800,Mudraakhyam,94,82,458,738
306_jpg.rf.990835a0a7ce1e648cc9bbaf3f7263ed.jpg,800,800,Mushti,275,198,700,581
366_jpg.rf.8f7dd0bee0d5ad89780365ba8f22ffde.jpg,800,800,Mushti,259,262,637,544
127_jpg.rf.ee5029b19b1d808801cf523ab2a421ef.jpg,800,800,Mudraakhyam,192,189,663,591
477_jpg.rf.cb60473881a6fae58ebbeb2760759a18.jpg,800,800,Kartharee Mukham,136,308,717,658
323_jpg.rf.e49fc00748b4b373decff6748b9bd91f.jpg,800,800,Mushti,252,149,691,614
469_jpg.rf.cbe5230d8b44c937f8415b1231372067.jpg,800,800,Kartharee Mukham,202,189,585,600
456_jpg.rf.80960df4e3f8a7ba22e2d6ca9f61489b.jpg,800,800,Kartharee Mukham,142,123,557,451
486_jpg.rf.6d0028acd853c3eb7e7701adb69af446.jpg,800,800,Kartharee Mukham,50,260,667,665
244_jpg.rf.d1439e4b2c7467f13e8407f932444757.jpg,800,800,Katakam,133,195,565,582
276_jpg.rf.b304a9eeca3a885b50eb4b6f5b670fd3.jpg,800,800,Katakam,169,268,672,661
81_jpg.rf.2e5fb4d999b371bcc1ce557c7d2379a5.jpg,800,800,Pathaaka,61,234,785,539
445_jpg.rf.1cda5dfe621569bae478fa99bbfaa3d4.jpg,800,800,Kartharee Mukham,195,9,691,642
275_jpg.rf.36c86c6a19b278217e4b84ab75d7270f.jpg,800,800,Katakam,344,200,738,793
422_jpg.rf.107b3e0038a5619ae667bb3088114fc2.jpg,800,800,Kartharee Mukham,202,216,688,652
271_jpg.rf.51daad52524007173bcc740e5c3f801a.jpg,800,800,Katakam,29,362,708,594
229_jpg.rf.8cb186a96fa44d3ce8b1edd098ff7f95.jpg,800,800,Katakam,179,223,529,565
131_jpg.rf.45c75e9fc3e9ffbc23417caaa9d66848.jpg,800,800,Mudraakhyam,238,222,575,585
283_jpg.rf.b742c540e6682168508e488534e5e352.jpg,800,800,Katakam,59,210,479,747
55_jpg.rf.46b0321ac348a64e553aff30c08b6463.jpg,800,800,Pathaaka,296,132,800,652
319_jpg.rf.2f473470c4c79ac3b9fa03a6b33e5d2a.jpg,800,800,Mushti,370,282,726,639
417_jpg.rf.22d18c6bf5fc041a17f1998cdd832e55.jpg,800,800,Kartharee Mukham,150,222,741,709
428_jpg.rf.1914526001fa61ce13169f2b71bfdd85.jpg,800,800,Kartharee Mukham,288,210,628,539
244_jpg.rf.b018cb06f075bd4d9a929657d6aab624.jpg,800,800,Katakam,218,133,582,581
224_jpg.rf.6d2076ac7672803cbf5768945ef3d4bf.jpg,800,800,Katakam,148,204,574,564
475_jpg.rf.80de91d75d8663114770156d2b4f4285.jpg,800,800,Kartharee Mukham,181,245,521,564
361_jpg.rf.4dbedbc035b244186b7221e03e0d962b.jpg,800,800,Mushti,282,310,538,656
355_jpg.rf.9cb7569f780f9e34e9db80033b3f9254.jpg,800,800,Mushti,190,238,509,529
185_jpg.rf.fe91cd3d97aefa2029ee213f1639aebb.jpg,800,800,Mudraakhyam,188,361,596,714
362_jpg.rf.209f890cf66675f30d4567b604fceb34.jpg,800,800,Mushti,220,170,602,455
337_jpg.rf.b57d79cec6254132f638169bb2cbd04e.jpg,800,800,Mushti,247,296,439,488
254_jpg.rf.845d7405648e5b25564bbc615b1a9007.jpg,800,800,Katakam,95,253,643,551
192_jpg.rf.18c13bcd7d2a8aa66e43b93e0e4ddf3f.jpg,800,800,Mudraakhyam,1,163,663,465
493_jpg.rf.12026172a7dfd3a0472b08a3bba3fd1b.jpg,800,800,Kartharee Mukham,214,42,629,772
180_jpg.rf.0a86e7f5a384dc602a04508838f37af1.jpg,800,800,Mudraakhyam,212,218,582,555
477_jpg.rf.c7e31237f9fa75a77d68c6fc28ce32ff.jpg,800,800,Kartharee Mukham,146,146,727,495
52_jpg.rf.e23cd2f03fa8328bb5951e94552b0f1e.jpg,800,800,Pathaaka,175,219,492,643
377_jpg.rf.55ca7e8d25e36190802d5f7f4feae42c.jpg,800,800,Mushti,68,376,552,649
295_jpg.rf.38add34956d89744549c4c486f006f18.jpg,800,800,Katakam,250,1,574,609
450_jpg.rf.d64ea2f068ae2fa8cc8bdd41a617811d.jpg,800,800,Kartharee Mukham,112,200,617,537
279_jpg.rf.ba4d702c524da5937cbfd455f866af43.jpg,800,800,Katakam,123,168,523,696
404_jpg.rf.aef900c6dd60a4b2676f31f23d036600.jpg,800,800,Kartharee Mukham,231,189,463,430
153_jpg.rf.bb161b5e3b7770c94171c14882ec4135.jpg,800,800,Mudraakhyam,83,154,592,563
377_jpg.rf.896c2ecb1c1d6ed58f7c079c16394914.jpg,800,800,Mushti,251,350,722,641
253_jpg.rf.163d0a0d92a75a6c24d8944d13270552.jpg,800,800,Katakam,300,73,597,501
433_jpg.rf.c78bf84b88815f7398cea5c55ac7f3f3.jpg,800,800,Kartharee Mukham,150,242,546,679
391_jpg.rf.a3b465c71962f73d0210747c89ff6b67.jpg,800,800,Mushti,191,284,702,540
463_jpg.rf.3a13cbd0064f0966b5b2bdd8c3af404b.jpg,800,800,Kartharee Mukham,91,212,529,705
381_jpg.rf.846cd4ef45bb41319a22364b86d1419a.jpg,800,800,Mushti,202,218,468,746
227_jpg.rf.becedaa06bf3fa02b635a737f8d7a569.jpg,800,800,Katakam,189,111,728,520
184_jpg.rf.44582cdace7e11e6cca36144a8eca3ee.jpg,800,800,Mudraakhyam,91,285,519,613
101_jpg.rf.fd9d1f8da70157508e14a2c2076168a7.jpg,800,800,Mudraakhyam,206,68,680,756
4_jpg.rf.7d448f4369c4673c96188c10a699b1b4.jpg,800,800,Pathaaka,2,149,645,739
400_jpg.rf.14d5decc8d482a8c95fdae712b0e9fce.jpg,800,800,Mushti,274,76,568,613
156_jpg.rf.3ea519e8284f9962ce5114595066aae8.jpg,800,800,Mudraakhyam,9,246,664,564
259_jpg.rf.5cdf68a9e606aeb36f6226d2b1bff9eb.jpg,800,800,Katakam,316,89,706,658
194_jpg.rf.30e194028660004cb022ab1e3e722177.jpg,800,800,Mudraakhyam,33,111,385,639
264_jpg.rf.7e0864d79ffd4c9859c53fabc8de76c7.jpg,800,800,Katakam,205,217,678,530
263_jpg.rf.45bafa0d1679a6e47d6817f577954929.jpg,800,800,Katakam,186,230,757,565
457_jpg.rf.9b24dbb631d99c4176f61d5049308513.jpg,800,800,Kartharee Mukham,129,196,456,620
418_jpg.rf.8edccae9a9d0338ba05ef7f7e56074d1.jpg,800,800,Kartharee Mukham,219,156,758,566
447_jpg.rf.4eb91143b208505e3bcde6539a18e97c.jpg,800,800,Kartharee Mukham,56,223,595,705
371_jpg.rf.762019dd60103180b75f2c7c3fa024b7.jpg,800,800,Mushti,327,307,632,623
81_jpg.rf.6001ad628570d4ee5c80d2f02e8a259f.jpg,800,800,Pathaaka,246,16,567,770
462_jpg.rf.33a1cdf9531a6f3eeec5b68173baaab1.jpg,800,800,Kartharee Mukham,161,160,633,484
381_jpg.rf.17f1b3b9987929e34b5993f822c60819.jpg,800,800,Mushti,316,222,582,750
301_jpg.rf.4577360793dd630187a9387268a332ff.jpg,800,800,Mushti,214,157,648,539
270_jpg.rf.72cc6358f8742e1b4348dd165274ed1a.jpg,800,800,Katakam,120,129,655,555
255_jpg.rf.1aab11ce3b1149add8b3ddb8b59821dc.jpg,800,800,Katakam,155,251,709,582
42_jpg.rf.f5ed9ed12dc76fa44518625215555ce4.jpg,800,800,Pathaaka,204,245,589,463
222_jpg.rf.bb7683c59d07e9638e21ce7128138971.jpg,800,800,Katakam,292,260,642,645
400_jpg.rf.8194889aed7262a2245e6f340ce4cc7b.jpg,800,800,Mushti,229,81,523,618
289_jpg.rf.1deea4282b90136054b4667c6670e16a.jpg,800,800,Katakam,111,77,488,692
276_jpg.rf.3ccd151441b87b201c91b109b32dd7d2.jpg,800,800,Katakam,134,107,523,616
216_jpg.rf.413bb614d0c0ac37c236cdea01bd0854.jpg,800,800,Katakam,178,210,569,650
19_jpg.rf.33f4d190aadf12b45f7ac15e086441e5.jpg,800,800,Pathaaka,240,243,596,655
31_jpg.rf.4ae2763e22fe8dc95e4a9368da93b1d2.jpg,800,800,Pathaaka,217,105,634,546
102_jpg.rf.597203923e904a41b29d4594f57f51ed.jpg,800,800,Mudraakhyam,235,112,573,559
356_jpg.rf.3c759bdaf38966e7f554f3655fcc01d3.jpg,800,800,Mushti,181,152,485,497
4_jpg.rf.fcb3b5e171562deb0135ad7290a4f533.jpg,800,800,Pathaaka,156,147,800,737
88_jpg.rf.e266c690e64e6bf48ca3d46b235200c4.jpg,800,800,Pathaaka,168,316,676,622
115_jpg.rf.1457c36c77531adcd20317d9db28a65d.jpg,800,800,Mudraakhyam,177,225,552,620
500_jpg.rf.9ae2f6f165a94a5b9f949fbee013d83a.jpg,800,800,Kartharee Mukham,108,225,705,614
43_jpg.rf.03e244f50f62d86b27fef83c6aeb34ef.jpg,800,800,Pathaaka,274,295,511,600
284_jpg.rf.92c57b8c2473403f25abc1dfd72373e4.jpg,800,800,Katakam,69,221,605,565
486_jpg.rf.d8bc6af72726bb206f802d3353a7c5d6.jpg,800,800,Kartharee Mukham,296,108,687,746
361_jpg.rf.cee15178aaf1eee496e5e846eb298ec8.jpg,800,800,Mushti,156,284,501,544
282_jpg.rf.843bf08f5df029572c8799fd32c41acc.jpg,800,800,Katakam,206,125,759,666
290_jpg.rf.56d162c2bbada7f2f2a92bb936595df0.jpg,800,800,Katakam,275,99,713,647
394_jpg.rf.853b7b14e20674ab2044be2c3da037d8.jpg,800,800,Mushti,271,187,522,628
354_jpg.rf.99c70c3b4a95c367bc6a30dbc5308d4c.jpg,800,800,Mushti,144,304,512,641
2_jpg.rf.55ed13b5a2e842e9b60b2c73db86e877.jpg,800,800,Pathaaka,39,272,702,645
262_jpg.rf.816f1f8e6b2a538b2572708754a48ee6.jpg,800,800,Katakam,136,243,708,609
79_jpg.rf.204941966232b153587a727004e0bca8.jpg,800,800,Pathaaka,193,154,677,626
55_jpg.rf.41c916fc929e385ddd6c7ab56bcaa23c.jpg,800,800,Pathaaka,296,171,800,691
262_jpg.rf.9da034cd1b82a6fc1346fa078318e8e3.jpg,800,800,Katakam,248,86,568,686
168_jpg.rf.20b590e27d3aef2b0842511252990eb8.jpg,800,800,Mudraakhyam,45,179,544,613
228_jpg.rf.854cd29862fddcf3d87a065f2bfc3900.jpg,800,800,Katakam,127,254,558,677
497_jpg.rf.a51e62e495529e1f8a218d9ab53718dd.jpg,800,800,Kartharee Mukham,166,225,727,585
244_jpg.rf.ddf0a0fa3263b000293adb1e47e60db2.jpg,800,800,Katakam,216,207,598,666
54_jpg.rf.72b5df54e7f594762bc5608cac58dd8f.jpg,800,800,Pathaaka,279,269,540,577
288_jpg.rf.c689d37e9e84098d867f5c6fc8f65009.jpg,800,800,Katakam,89,117,635,614
187_jpg.rf.dfc38541cee3dcf912719e1954f72cf2.jpg,800,800,Mudraakhyam,93,228,604,641
85_jpg.rf.43fb66b0a94aac0f7c1eaa6067eddf47.jpg,800,800,Pathaaka,222,152,629,613
130_jpg.rf.ffc97bb1d98683bf6476601d10c51476.jpg,800,800,Mudraakhyam,98,289,558,511
293_jpg.rf.7378aecafa3e4702922f380b0dab9e5d.jpg,800,800,Katakam,125,137,628,563
357_jpg.rf.f6bbe7b569da59d6257499e56944f3a3.jpg,800,800,Mushti,278,220,609,519
214_jpg.rf.e7d220abd486777175d9556c7b22a18e.jpg,800,800,Katakam,244,217,558,545
22_jpg.rf.4b1e457929e959aa25f5972e9e4b18ad.jpg,800,800,Pathaaka,156,92,660,549
100_jpg.rf.48dfe73db89028c0a88c67029e5e51aa.jpg,800,800,Pathaaka,167,138,521,629
475_jpg.rf.8fd4e9c422509eb288cb89f18029f325.jpg,800,800,Kartharee Mukham,241,197,548,545
196_jpg.rf.1360455e52d07918be3143e16ac44436.jpg,800,800,Mudraakhyam,133,314,613,682
294_jpg.rf.ab1f2d7d08f833f22ade21cf6935cbd4.jpg,800,800,Katakam,199,186,616,597
155_jpg.rf.3abe327a46e5e9a23562c4a8a379f1d8.jpg,800,800,Mudraakhyam,212,164,682,530
431_jpg.rf.9e43b7ea570c087408a5a8f475a8b91b.jpg,800,800,Kartharee Mukham,268,306,527,561
444_jpg.rf.5ea32253b445f33f7960342fea4c0c69.jpg,800,800,Kartharee Mukham,234,93,772,773
83_jpg.rf.c40cde9781a5f04c008e145797299dba.jpg,800,800,Pathaaka,99,76,595,742
267_jpg.rf.997ee0770ec1dd7d66c469058ab4a306.jpg,800,800,Katakam,152,225,762,522
401_jpg.rf.cc9639ec37c692eed260968118d79b90.jpg,800,800,Kartharee Mukham,170,158,475,586
166_jpg.rf.606b8e83a9475061515d529b60a72d6c.jpg,800,800,Mudraakhyam,113,157,571,738
280_jpg.rf.f3094a99223ccacdef97490272b2f923.jpg,800,800,Katakam,241,179,653,669
333_jpg.rf.06a3e629e052c26374346510165b9d7c.jpg,800,800,Mushti,347,273,555,438
134_jpg.rf.d26645671a269f652598f57968c19bf2.jpg,800,800,Mudraakhyam,211,300,533,629
95_jpg.rf.542e9e8d5ac2fc5724643486d1b4b164.jpg,800,800,Pathaaka,152,212,726,556
132_jpg.rf.8b002de15feade715d2dada65884021e.jpg,800,800,Mudraakhyam,228,132,647,550
448_jpg.rf.86a3006ba4e513bcfae2978c6bbeec96.jpg,800,800,Kartharee Mukham,82,154,672,659
259_jpg.rf.0ef1eb6a1a8fbdded5b8ac7059b9b065.jpg,800,800,Katakam,127,127,516,696
97_jpg.rf.6131cb57446f246207b5aea0ff9a789e.jpg,800,800,Pathaaka,335,154,585,517
453_jpg.rf.7effac7740f0a82d6b92e05e2af10d2c.jpg,800,800,Kartharee Mukham,221,166,530,500
286_jpg.rf.a85c992e194f45aa7604eee0759a0e25.jpg,800,800,Katakam,275,212,630,595
260_jpg.rf.850bdb26e72b3d24a275e592ff8d5099.jpg,800,800,Katakam,198,98,504,634
42_jpg.rf.f4c1bb60cdf14d61636e62f9150b1817.jpg,800,800,Pathaaka,322,219,586,594
476_jpg.rf.a2b445c67d63b19578474ec673079627.jpg,800,800,Kartharee Mukham,72,155,704,472
305_jpg.rf.0d4119488d1d4fdba915ab02d8a7b6b8.jpg,800,800,Mushti,125,300,605,758
202_jpg.rf.ac5eccb69733f92e1c9a3a4627cb4e78.jpg,800,800,Katakam,236,45,708,707
378_jpg.rf.1ea906403a51cceff69fd1191dcaa8a4.jpg,800,800,Mushti,307,187,549,686
89_jpg.rf.6b8500374e359fd3269d5736e3f96bf7.jpg,800,800,Pathaaka,289,80,582,677
263_jpg.rf.a47659ad123c313d6c23232c5e8a1417.jpg,800,800,Katakam,67,236,608,575
470_jpg.rf.7aa3919b88bc9348094139e7b661c6f8.jpg,800,800,Kartharee Mukham,300,213,682,535
459_jpg.rf.255cec68725c397f6a5c50d02dc9e2e9.jpg,800,800,Kartharee Mukham,354,218,638,527
25_jpg.rf.827f3a37a23c362e2d806f6b9fbb31db.jpg,800,800,Pathaaka,258,132,800,665
61_jpg.rf.5360770e3c1a5f6dc775435676b8a500.jpg,800,800,Pathaaka,198,136,512,654
70_jpg.rf.5aeccdad1a9874337c97ae1e0755c757.jpg,800,800,Pathaaka,233,284,685,682
42_jpg.rf.271a5a80141853b84022fdebfc71e24f.jpg,800,800,Pathaaka,162,346,591,560
160_jpg.rf.2cf5d0a2aa0025ab5566c5273e8b00c6.jpg,800,800,Mudraakhyam,200,333,712,536
49_jpg.rf.54917690bb7b1a028a940a389c384d19.jpg,800,800,Pathaaka,273,193,591,689
192_jpg.rf.7ca35018b1e48949d679c90192ab98a0.jpg,800,800,Mudraakhyam,328,144,663,800
175_jpg.rf.272787c2c0d03495c8da80d4773adb08.jpg,800,800,Mudraakhyam,142,154,436,594
93_jpg.rf.400d2858acdb84e3806a9bf7e4cfdb07.jpg,800,800,Pathaaka,182,185,529,677
124_jpg.rf.60f8e07f195d99727926228f2a6ff3b2.jpg,800,800,Mudraakhyam,188,315,546,691
18_jpg.rf.d401f67919b091295d3fe6b4732d9fc4.jpg,800,800,Pathaaka,166,210,581,656
415_jpg.rf.04808f4a3143f790db78b15460faf69f.jpg,800,800,Kartharee Mukham,74,144,536,625
470_jpg.rf.fa6bef7ad3eb5a51ea7110ce3d23b36c.jpg,800,800,Kartharee Mukham,201,306,509,686
73_jpg.rf.a21ac1fcfe33a60d567bc29a2ecbcd38.jpg,800,800,Pathaaka,174,148,539,796
65_jpg.rf.22f72e04ed732f403ab46d8b9ccc7e7c.jpg,800,800,Pathaaka,155,174,596,712
390_jpg.rf.a8a7cdc1bbb00644c18cb6798cc8a73e.jpg,800,800,Mushti,167,233,627,644
324_jpg.rf.f15d55f4f097be5e0aebac2b4327b38f.jpg,800,800,Mushti,208,353,513,681
455_jpg.rf.763592a8e5809c0dc3e62fff4dc50d60.jpg,800,800,Kartharee Mukham,217,318,538,612
30_jpg.rf.d9ea8c44058fb2c7381e326e27835749.jpg,800,800,Pathaaka,223,151,710,636
450_jpg.rf.991da1efbec4f0d08e9ddabd1f5ce98e.jpg,800,800,Kartharee Mukham,174,274,681,591
66_jpg.rf.aa95df9a409e55bc167fd4be0642303b.jpg,800,800,Pathaaka,86,153,668,601
250_jpg.rf.137c5bf096f6ef2397a17b61a1ec41d3.jpg,800,800,Katakam,91,330,678,685
165_jpg.rf.5536883701e95c819595f82250597440.jpg,800,800,Mudraakhyam,200,270,501,670
95_jpg.rf.22a47a5ff256c091c34fede7416f2bf7.jpg,800,800,Pathaaka,243,176,577,735
414_jpg.rf.045ae2426c99b164774d8189a79a6179.jpg,800,800,Kartharee Mukham,234,105,757,588
277_jpg.rf.492ab4898c9b1d9ad65938ee413ce48d.jpg,800,800,Katakam,288,203,650,686
245_jpg.rf.f13de9513f7a8ab43aa01af272e8ea2f.jpg,800,800,Katakam,121,256,561,561
449_jpg.rf.1dd65073b7b729139c140357ed86fa1d.jpg,800,800,Kartharee Mukham,114,251,735,570
452_jpg.rf.1fa31e346310215c9ecbe7d9be00ea2f.jpg,800,800,Kartharee Mukham,187,190,513,579
367_jpg.rf.1a6320525a28a0b645c5bb7636bed5fc.jpg,800,800,Mushti,313,210,551,417
472_jpg.rf.36887f843196c9759faae56f4b304c9a.jpg,800,800,Kartharee Mukham,223,109,489,504
297_jpg.rf.7d1b4e929e4cc556ab1bd27682a0e09d.jpg,800,800,Katakam,95,98,627,594
327_jpg.rf.894ee08df4d53d68e86529a1dab29c62.jpg,800,800,Mushti,261,190,673,561
2_jpg.rf.4dda9cf8107adc9649dc57de53aa3c0a.jpg,800,800,Pathaaka,39,151,678,535
245_jpg.rf.5ca8237e73c7fe2f7a5d993d2f101462.jpg,800,800,Katakam,242,237,668,562
243_jpg.rf.02e521e066a9e0e2e8b850067d72e732.jpg,800,800,Katakam,221,246,716,566
432_jpg.rf.edb8ce6366f5ef2053480aafde45d106.jpg,800,800,Kartharee Mukham,281,316,519,574
432_jpg.rf.9f8b8e5bb078fffa6e1d5cf92339a941.jpg,800,800,Kartharee Mukham,312,290,578,515
392_jpg.rf.6c5625eff629723ec6f83b363c10889a.jpg,800,800,Mushti,183,186,748,442
268_jpg.rf.5dbdc4302ff38cd3917b13b27fe872b6.jpg,800,800,Katakam,136,270,661,646
72_jpg.rf.2c2094ac696f180bf99bd1ecb325f71d.jpg,800,800,Pathaaka,161,32,541,696
434_jpg.rf.eef2bf7c20b105e4fef3324a50fb16fb.jpg,800,800,Kartharee Mukham,268,185,624,600
350_jpg.rf.07f9dc68c9682b72b8f86c40f66d09bd.jpg,800,800,Mushti,226,303,567,574
21_jpg.rf.084791e92d02d70e1a654c8a50942749.jpg,800,800,Pathaaka,174,121,573,670
199_jpg.rf.b1fc5288b351181a579a91927b3f2cc8.jpg,800,800,Mudraakhyam,167,151,673,693
402_jpg.rf.74aef2309d64b3b4f8171d36e8ee0ed4.jpg,800,800,Kartharee Mukham,177,249,599,667
473_jpg.rf.04338c5c045841d2f4e2b92b78f6a0e0.jpg,800,800,Kartharee Mukham,93,196,491,586
83_jpg.rf.0b13666e6029de587163dd4358c31e32.jpg,800,800,Pathaaka,83,198,748,673
288_jpg.rf.271916d1f0910d16738532ba7fde3c28.jpg,800,800,Katakam,160,173,706,670
252_jpg.rf.bcb54374421123826508a15e3c06d635.jpg,800,800,Katakam,286,118,635,690
270_jpg.rf.92c90ef6fffa39603895bdb05f47c5bb.jpg,800,800,Katakam,129,138,664,564
317_jpg.rf.e9611427b75368c68f0d0d3c587ba8d4.jpg,800,800,Mushti,200,289,555,646
254_jpg.rf.7bda447e902a81ae70e40067761b1d10.jpg,800,800,Katakam,253,88,568,627
167_jpg.rf.8c59ba46d13b812e5c06548a4ca7eea8.jpg,800,800,Mudraakhyam,317,144,747,583
491_jpg.rf.7d9d1fc709bd6021daec33e85e4e070e.jpg,800,800,Kartharee Mukham,152,322,619,661
218_jpg.rf.6ee53296482047c6c9998c43b0180056.jpg,800,800,Katakam,265,192,578,573
282_jpg.rf.1cbeee18865eff640c1b1ec1d7e1bb52.jpg,800,800,Katakam,120,207,685,702
399_jpg.rf.7010c0a959d30a4a3d61b2270b1ac6b6.jpg,800,800,Mushti,279,87,539,599
477_jpg.rf.9d2ed75ea0ac0f429146e9a9a021992b.jpg,800,800,Kartharee Mukham,134,140,509,708
145_jpg.rf.40d34b0b1011a955d9386bb3bd497fec.jpg,800,800,Mudraakhyam,168,289,663,575
348_jpg.rf.3dad4e9433772f9864ee1db09b8a1353.jpg,800,800,Mushti,262,151,613,431
403_jpg.rf.9633665c6eb7ddca47995a6d29ef1af3.jpg,800,800,Kartharee Mukham,215,243,658,617
463_jpg.rf.2fdb0885a34444acc1be7053791fe16f.jpg,800,800,Kartharee Mukham,264,86,706,597
100_jpg.rf.df92c490d19d7fb8bf7b7db5fe3df805.jpg,800,800,Pathaaka,152,169,627,522
157_jpg.rf.e7d872018dfddb1382d966f245332a65.jpg,800,800,Mudraakhyam,111,251,602,607
56_jpg.rf.641d0c29a0465d97a92bd68b771e0c86.jpg,800,800,Pathaaka,1,167,592,631
423_jpg.rf.61e245aa71804176e8d03f8f51aab26e.jpg,800,800,Kartharee Mukham,219,156,614,751
362_jpg.rf.b70966cc6309805635b0d198e151b55d.jpg,800,800,Mushti,225,169,607,454
252_jpg.rf.127b03c47f6f3d3e8716a69ccefeedf8.jpg,800,800,Katakam,117,171,685,534
4_jpg.rf.02f4d3a5a18d24871f195ba32b7072da.jpg,800,800,Pathaaka,2,55,638,677
102_jpg.rf.d370623fc970e2186bfff3319264d5c5.jpg,800,800,Mudraakhyam,98,231,556,560
496_jpg.rf.6fbaf8599e311e373533944b71644e7a.jpg,800,800,Kartharee Mukham,79,162,721,454
402_jpg.rf.0803c660fbc2599302045fb5da5087af.jpg,800,800,Kartharee Mukham,171,249,593,667
118_jpg.rf.1bd4e538ce50539450fbf79daf530d90.jpg,800,800,Mudraakhyam,189,137,564,424
431_jpg.rf.670a738a8bac0daa9ac38e196f22f7b4.jpg,800,800,Kartharee Mukham,275,249,524,467
382_jpg.rf.219d6f6fdf16fd60764e37593542e516.jpg,800,800,Mushti,212,1,478,528
121_jpg.rf.1a0c80a2072cb728a1ae607118608ba5.jpg,800,800,Mudraakhyam,246,228,608,605
461_jpg.rf.bac4b7eb6c2add614c40a863bc01580f.jpg,800,800,Kartharee Mukham,102,235,455,547
74_jpg.rf.5e4334a75993885115caf1205f8251eb.jpg,800,800,Pathaaka,41,256,646,593
433_jpg.rf.9e4806f146c85dcd474e8f8d62531ca6.jpg,800,800,Kartharee Mukham,258,118,648,551
318_jpg.rf.2104a494678628f0ee81ce16639575ca.jpg,800,800,Mushti,238,128,593,485
334_jpg.rf.2f5065789ce0a0a76f87a446bf69dcd4.jpg,800,800,Mushti,207,328,429,543
88_jpg.rf.d2e67badf543d69bd55920e65532d91c.jpg,800,800,Pathaaka,129,195,666,482
429_jpg.rf.eb1ea01521f893d0d8814f81092f6190.jpg,800,800,Kartharee Mukham,183,175,605,414
493_jpg.rf.f302ed5809e80712e0dbeaf738d1e862.jpg,800,800,Kartharee Mukham,51,241,776,629
427_jpg.rf.ed6fae8ea7eb785f2fb7371dc28978c9.jpg,800,800,Kartharee Mukham,171,216,661,495
352_jpg.rf.da343464854f5fc7879221aa2c1d745f.jpg,800,800,Mushti,339,301,635,584
422_jpg.rf.0d6508c7f59a86c51437861f383901ba.jpg,800,800,Kartharee Mukham,150,106,577,587
223_jpg.rf.263de47c3fb1d71aaf9d3777310f05ca.jpg,800,800,Katakam,236,270,623,682
499_jpg.rf.5a0ce623ba34f324a15e49db4a23d9e9.jpg,800,800,Kartharee Mukham,236,138,610,736
269_jpg.rf.406a22c07f312abe377f0d810ecb0bc2.jpg,800,800,Katakam,98,181,713,503
290_jpg.rf.2c0bcb7a71bd050461b1c0cc18c85acd.jpg,800,800,Katakam,69,103,645,487
114_jpg.rf.1546ae60b2fa56367a7d76a778e6d35e.jpg,800,800,Mudraakhyam,152,253,595,652
471_jpg.rf.55ac3adbb431fc1eff2c07e9aa8d0937.jpg,800,800,Kartharee Mukham,195,262,503,642
283_jpg.rf.79b075fa710ae4571b5413eaea147cb6.jpg,800,800,Katakam,62,60,577,460
161_jpg.rf.1ee0cb0e3481818c2b9ea940f61eefa6.jpg,800,800,Mudraakhyam,112,204,634,546
89_jpg.rf.2928b985ed43f7672baad67adec64f32.jpg,800,800,Pathaaka,119,292,732,579
152_jpg.rf.fb9135b728a0d99776a9807354c17547.jpg,800,800,Mudraakhyam,94,142,478,625
144_jpg.rf.fb148057fb4d87af47c63a51fc9c8d78.jpg,800,800,Mudraakhyam,223,199,566,546
430_jpg.rf.fc3af58ddbcf2a4135f3ba29e843ef72.jpg,800,800,Kartharee Mukham,153,352,325,586
458_jpg.rf.5a3ec4ac6dba4731a9732a44c2d38ef4.jpg,800,800,Kartharee Mukham,270,232,587,601
445_jpg.rf.256fab8ad6f873ac12f4018ac3973698.jpg,800,800,Kartharee Mukham,102,6,598,639
226_jpg.rf.08670999aa95120da61eead29ef62513.jpg,800,800,Katakam,144,168,670,628
353_jpg.rf.b4183fc845c50fb9e2aee1a986b0ba22.jpg,800,800,Mushti,215,206,615,596
91_jpg.rf.62729067a6ae87a1bf96c146165599b4.jpg,800,800,Pathaaka,341,187,680,716
161_jpg.rf.68b70fc7fa6558b35806edc76ad413fe.jpg,800,800,Mudraakhyam,150,209,672,551
367_jpg.rf.fc485bfdd8b86f90878578c7e9458083.jpg,800,800,Mushti,349,258,604,489
173_jpg.rf.7dcac79551fac155ff3102851c9cc983.jpg,800,800,Mudraakhyam,202,370,569,638
230_jpg.rf.b60d4b5e4a69f9c9e281c3e5ed360525.jpg,800,800,Katakam,205,207,594,543
228_jpg.rf.16caa516701902dd6c96e9cd9a19ec9a.jpg,800,800,Katakam,123,143,554,566
251_jpg.rf.f175d49f9eb89afec327c5b8439282d2.jpg,800,800,Katakam,164,136,702,479
72_jpg.rf.df891daec254296c622c12aaf0db4131.jpg,800,800,Pathaaka,101,246,769,600
5_jpg.rf.c12d4de022ef385eda2446e764a345fe.jpg,800,800,Pathaaka,113,1,510,715
379_jpg.rf.900c9e600e2e7022f6db86457fd6d3d2.jpg,800,800,Mushti,193,192,576,690
165_jpg.rf.c26a08de221852b950c167532511c56a.jpg,800,800,Mudraakhyam,128,209,544,555
156_jpg.rf.8b4dcc8baf68655f71fe3b6a1047a97b.jpg,800,800,Mudraakhyam,56,244,712,562
86_jpg.rf.65a5f5689336376c8ad0adf8628835bd.jpg,800,800,Pathaaka,217,173,650,734
57_jpg.rf.09d46ddc05abefa406c843bcc4d7baef.jpg,800,800,Pathaaka,43,304,583,655
460_jpg.rf.3dcb72775d05a7bd225de3c0d1e705bb.jpg,800,800,Kartharee Mukham,246,338,558,628
383_jpg.rf.162b732a6ec38586b58a4b2d466bd828.jpg,800,800,Mushti,291,60,600,612
498_jpg.rf.62ca7ecd65a917629f9e134f83ec5d29.jpg,800,800,Kartharee Mukham,279,80,645,658
55_jpg.rf.ec0ff5a29421ec3418c6d1e37a4e9da5.jpg,800,800,Pathaaka,154,1,674,501
169_jpg.rf.3d80064fd59b41eefabf566f7f321d77.jpg,800,800,Mudraakhyam,184,128,595,664
474_jpg.rf.3ebebb5e29a46b640840c0f4298e91f8.jpg,800,800,Kartharee Mukham,151,190,496,501
213_jpg.rf.77a77ee5776e734e08eddd1e44e13656.jpg,800,800,Katakam,291,258,577,543
51_jpg.rf.4c5dca2d85d8f42bb75986edf9ec131c.jpg,800,800,Pathaaka,179,244,648,602
451_jpg.rf.b130eaf361409c24296c9f4fe8907443.jpg,800,800,Kartharee Mukham,170,114,645,600
